book,door,section,subject_number,subject_name,description
2,1,1,165,رفع الليبيين السلاح ضد الدولة,يعاقب بالإعدام كل ليبي رفع السلاح على ليبيا أو إلتحق على أي وجه بعمل في القوات المسلحة لدولة تحارب ليبيا. ولا عقاب على من وجد في أراضي الدولة المعادية وارتكب الفعل مرغما بمقتضى واجب تفرضه عليه قوانين تلك الدولة.
2,1,1,166,دس الدسائس مع الدولة الأجنبية لإثارة الحرب ضد ليبيا,كل من خـابر دولة أجنبية أو أحد موظفيها أو أي شخص آخر يعمـل لمصلحتها أو ألقى الدسائس إليها أو إليه بقصد استعدائها على ليبيا أو تمكينها من العدوان عليها يعاقب بالإعدام سواء تحقق الغرض المطلوب أو لم يتحقق.
2,1,1,167,دس الدسائس مع الأجنبي للإضراربمركز البلاد العسكري والسياسي,يعاقب بالسجن كل من ألقى الدسائس زمن السلم إلى دولة أجنبية أو الى أحد م،وظفيها وقصد بذلك الإضرار بمـركز الجمهورية العربية الليبية الحربي أو السياسي أو الدبلوماسي. وتطبق العقوبة ذاتها على من أتلف عمداً أو أخفى أو زور وثائق يعلم أنها تصلح لإثبات حقوق الجمهورية العربية الليبية قبل دولة أجنبية. وتكون العقوبة السجن المؤبد إذا ارتكبت الجرائم المذكورة زمن حرب، أو كان الجاني موظفاً عاماً أو موفداً في مهمة عامة أو كانت الحكومة قد عهدت إليه بأية مهمة كانت.
2,1,1,168,التجنيد ضد دولة أجنبية أو اتيان أعمال عدوانية ضدها,يعـاقب بالسجن كل من قام بغير إذن من الحكـومة بجمع جند ضد دولة أجنبية أو قام بأعمال أخرى عدوانية من شأنها أن تعرض الجمهورية العربية الليبية لخطر الحرب. وتكـون العقوبة السجن المؤبد إذا نجـم عن الفعل قطـع العلاقات الدبلوماسية أو ترتب على الأعمال العدوانية انتقام من الجمهورية العربية الليبية أو من مواطنيها أينما كانوا، أما إذا قامت الحرب فيعاقب الجاني بالإعدام.
2,1,1,169,الارتشاء من الأجنبي,إذا حصل الليبي ولو عن طريق غير مباشر على نقود أو أية منفعة أخرى من أجنبي أو حصل على وعد بذلك بقصد الاتيان بأعمال ضارة بمصالح البلاد يعاقب بالسجن وبغرامة تتراوح بين ألف دينار وخمسة الآف دينار، إذا اقترف الفعل في زمن سلم. ويعاقب بالسجن المؤبد إذا ارتكبت الجريمة في زمن الحرب، فإذا وقع الضرر بالفعل تكون العقوبة الإعدام. ويعاقب بنفس العقوبة الأجنبي الذي قدم النقود أو غيرها أو وعد بها.
2,1,1,170,المساس بأراضي الدولة وتسهيل الحرب ضدها,يعاقب بالإعـدام كل من سهل دخـول العدو في البلاد أو سلمه مدناً أو حصوناً أو منشآت أو مواقع أو مواني أو مخازن أو مصانع أسلحة أو سفناً أو طائرات مما يستعمل في الدفاع عن البلاد أو مما أعد لذلك أو وسائل مواصلات أو أسلحة أو ذخائر أو مهمـات حربية أو مؤناً أو أغذية أو أمده بالجنود أو بالرجـال أو بالنقود أو خدمه بأن نقل إليه أخباراً أو بأن كان له مرشداً أو حرض الليبيين سواء كانوا عسكريين أو مدنيين على الانضمام إلى العدو وبوجه عام كل من ساعد تقدم قوات العدو وذلك بإثارة الفتن أو بإلقاء الرعب في نفوس قوات الدفاع عن البلاد أو المدنيين أو بمنع اتصال القوات المسلحة بعضها بالبعض الآخر في لقاء العدو أو بزعزعة اخلاص القوات الوطنية للبلاد أو بأية طريقة أخرى.
2,1,1,171,إفشاء أسرار تتعلق بأمن الدولة لعملاء الحكومات الأجنبية أو الحصول عليها لغرض التجسس,يعاقب بالإعدام كل من زود حكومة أجنبية أو أحد عملائها أو أي شخص آخر يعمل لمصلحتها على أي وجه من الوجوه وبأية وسيلة، بسر يتعلق بالدفاع عن البلاد أو أي سر مماثل له. ويعاقب بنفس العقوبة كل من حصل على سر من هذا القبيل بأي طريقة كانت بقصد إفشائه رأسا أو بالواسطة إلى حكومة أجنبية أو أعدم ذلك السر لمصلحة دولة أجنبية أو جعله غير صالح للانتفاع به كلياً أو جزئياً.
2,1,1,172,التسلل إلى الأماكن العسكرية وحيازة وسائل التجسس دون مبرر,يعاقب بالسجن:- 1 – كل من دخل خلسة أو بالاحتيال في أماكن أو مناطق برية أو بحرية أو جوية يكون دخولها محظوراً حفظاً لمصلحة الدولة العسكرية. 2 – كل من عثر عليه في تلك الأماكن أو المناطق أو بجوارها وفي حيازته دون مبرر قانوني وسائل صالحة للتجسس. 3 – كل من عثر عليه يحمل دون مبرر قانوني أوراقاً أو وثائق أو أي شيء آخر أريد به تزويد معلومات تتعلق بسلامة البلاد أو أية معلومات أخرى تعتبر قانوناً من هذا القبيل. وإذا ارتكب فعل من الأفعال المنصوص عليها فيما تقدم زمن حرب كانت العقوبة السجن المؤبد. أما إذا استفاد العدو من ذلك الفعل فتكون العقوبة الإعدام.
2,1,1,173,الحصول على أخبار سرية تتعلق بالدفاع عن البلاد والأسرار المماثلة,يعاقب بالسجن وبغرامة تتراوح خمسمائة دينار وألف دينار :- 1 – كل من حصل بأية وسيلة من وسائل الاحتيال على سر من أسرار الدفاع عن البلاد وذلك لغرض غير تسليمه لدولة أجنبية أو لاحد عملائها أو لأي شخص يعمل لمصلحتها. 2 – كـل مـن نظـم أو استعمل أية وسيلة من وسـائل الاتصـال السلكي أو اللاسلكي أو ما إليها بقصد الحصول على أسرار الدفاع عن البلاد أو ما هو في حكمها أو بقصد تبليغها لغير أغراض التجسس. وتكون العقوبة السجن المؤبد إذا ارتكب الفعل زمن حرب.
2,1,1,174,إذاعة أسرار الدفاع,يعاقب بالسجن وبغرامة تتراوح بين خمسمائة دينار وألف دينار كل من أذاع بأية وسيلة كانت أسراراً تتعلق بالدفاع عن البلاد أو ما هو في حكمها. وتكون العقوبة السجن المؤبد إذا كان الجاني موظفاً عمومياً أو ذا صفة نيابية عامة أو موفداً في مهمة أو عهدت إليه الحكومة بعمل أو إذا ألحقت الجريمة ضرراً بالاستعدادات الحربية للدفاع عن البلاد. وتكون العقوبة الإعدام إذا ارتكبت الجريمة زمن حرب.
2,1,1,175,إثارة روح الهزيمة السياسية,يعـاقب بالعقوبات المنصـوص عليـها في المادة 173 كل من أذاع عمداً أخباراً أو بيانات أو إشاعات كاذبة أو مغرضة أو عمد أثناء حالة الحرب أو ما في حكمها إلى دعاية مثيرة، وكان من شأن ذلك كله إلحاق الضرر بالاستعدادات الحربية للدفاع عن البلاد أو إلقاء الرعب بين الناس أو إضعاف الجلد في الأمة.
2,1,1,176,إثارة روح الهزيمة العسكرية,يعاقب بالسجن المؤبد كل من حرض العسكريين على عدم إطاعة القوانين أو على الحنث في اليمين المؤداة أو على الخروج على النظام العسكري أو الواجبات العسكرية أو حبذ لهم أعمالاً خارجة على القانون أو على اليمين أو على النظام العسكري أو الواجبات العسكرية. ويعاقب الجاني بالإعدام إذا ارتكب الجريمة زمن الحرب.
2,1,1,177,بث روح الهزيمة الاقتصادية,يعاقب بالسجن مدة لاتقل عن خمس سنوات وبغرامة تتراوح بين خمسمائة دينار وألف دينار كل من استعمل في زمن الحرب وسيلة يراد منها الاضرار بسوق الصرف أو التأثير على أسواق الأوراق والسندات المالية سواء أكانت عامة أو خاصة بشكل يعرض للخطر مقدرة البلاد على مقاومة العدو. وتكون العقوبة بالسجن المؤبد إذا ارتكب الفعل نتيجة تجسس مع أجنبي. وتكون العقوبة بالإعدام إذا تعرضت بالفعل للخطر مقدرة البلاد على مقاومة العدو.
2,1,1,178,نشاط الليبي في الخارج ضد مصالح البلاد,يعاقب بالسجن المؤبد كل ليبي قام في الخارج بنشر أو تبليغ أخبار أو إشاعات كاذبة أو مبالغ فيها أو مثيرة للقلق حول الحالة الداخلية في الجمهورية العربية الليبية بشكل يسئ إلى سمعتها، أو يزعزع الثقة بها في الخارج أو قام على أي وجه من الوجوه بنشاط من شأنه إلحاق الضرر بمصالح البلاد.
2,1,1,179,تخريب أو اتلاف المنشآت العسكرية,يعاقب بالسجن المؤبد كل من أعـدم أو أتلف عمداً أسلحة أو سفناً أو طـائرات أو مهمات أو منشآت أو وسائل مواصلات أو مرافق أو مؤنا أو أغذية مما يستعمل في الدفاع عن البلاد أو مما أعد لذلك أو أساء صنعها عمداً إساءة من شأنها أن تجعلها غير صالحة لأن ينتفع بها أو أن تعرض للخطر حياة الأشخاص الموجودين فيها أو الذين يناط بهم استعمالها أو أن ينشأ عنها حادث ما. فإذا ارتكبت الجريمة زمن حرب كانت العقوبة الإعدام.
2,1,1,180,عدم تنفيذ التزامات التوريد للحكومة أو الغش فيها,يعاقب بالسجن وبغرامة من ألف دينار إلى خمسة الآف دينار كل من تعمد في زمن حرب أن لا ينفذ كل أو بعض الالتزامات التي يفرضها عليه عقد توريد أو أشغال عامة ارتبط بها مع الحكومة لسد حاجات الجيش أو المدنيين أو ارتكب غشاً في تنفيذ مثل هذا العقد أو تباطأ عمداً، ويعاقب بنفس العقوبة المقاولون من الباطن إذا وقع منهم عدم التنفيذ أو الغش أو التباطؤ. واذا كان عدم التنفيذ الكلي أو الجزئي عن خطأ خفضت العقوبة بمقدار لا يجاوز النصف.
2,1,1,181,شراء أسلحة أو مؤن فاسدة,يعاقب بالسجن المؤبد كل من عهد إليه بحكم وظيفته القيام بشراء أسلحة أو ذخائر أو مؤن لتجهيز الجيش فاشترى أو أوصى بشراء أسلحة أو مؤن يعلم أنها غير صالحة للغرض المعد له، أو خطرة على حياة الأشخاص. إذا نجم عن الفعل موت شخص أو ترتب عليه إيذاء خطير لشخصين أو أكثر أو اقترف الفعل في زمن حرب كانت العقوبة الإعدام.
2,1,1,182,استغلال أسرار الدولة,إذا استعمل الموظف العمومي لصالحه أو لصالح الغير اكتشافات أو اختراعات علمية أو ابتكارات صناعية يعلم بحكم وظيفته أو خدمته بوجوب بقائها سرية لصالح أمن الدولة يعاقب بالسجن مدة لاتقل عن خمس سنوات وبغرامة لاتقل عن مائتي جنيه. وإذا ارتكب الفعل لصالح دولة تحارب ليبيا أو إذا أخل بالاستعدادات الحربية للدولة أو بصلاحيتها أو بالعمليات الحربية كانت العقوبة الإعدام.
2,1,1,183,خيانة شئون الدولة,كل من عهدت إليه الدولة بالتفاوض عنها في الخارج في شئونها فخان الأمانة، يعاقب بالسجن المؤبد، إذا كان من المحتمل أن يترتب على عمله ضرر بمصالح البلاد.
2,1,1,184,تسهيل ارتكاب الجرائم السالفة الذكر,يعاقب بذات العقوبة المقررة بموجب المواد 165 و 166 و 168 و 170 و 171 و 174 و 176 و 179 و 181 و 211 :- 1 – كل من كان عالماً بنيات شخص ارتكب أو شرع في ارتكاب إحدى الجرائم المذكورة، وقدم إليه إعانة للتعيش أو للسكنى أو مأوى أو مكاناً للاجتماع أو أية مساعدة أخرى. 2 – كل من أخفى الأشياء أو الأدوات التي استعملت أو التي أعدت للاستعمال في ارتكاب إحدى الجرائم المذكورة أو الأشياء أو المهمات أو الوثائق التي حصل عليها من الجريمة وهو عالم بذلك. 3 – كل من حمل رسائل شخص ارتكب أو شرع في ارتكاب إحدى الجرائم المذكورة أو سهل له بأية طريقة كانت البحث عن موضوع الجريمة أو إخفائه أو نقله أو إبلاغه وهو عالم بذلك في الحالتين.
2,1,1,185,تسهيل ارتكاب الجرائم السالفة الذكر عن خطأ,يعاقب بالحبس مدة لاتقل عن سنة وبغرامة لا تجاوز خمسمائة دينار كل من سهل نتيجة للخطأ ارتكاب إحدى الجرائم المنصوص عليها في المواد المشار إليها في المادة السابقة. واذا ارتكبت الجريمة زمن حرب كانت العقوبة الحبس لمدة لاتقل عن سنتين وغرامة لاتجاوز ألف دينار.
2,1,1,186,عدم التبليغ عن جرائم المادة 184,يعاقب بالعقوبات المبينة في المادة السابقة كل من علم بارتكاب فعل من الأفعال المذكورة في المواد المشار إليها في المادة 184 أو بالشروع فيه، دون أن يكون مشتركاً في تحضيره، ولم يبلغ أمره للسلطات الإدارية أو القضائية حال علمه به.
2,1,1,187,بعض الأحوال المانعة من العقاب,يعفى من العقوبات المقررة للجرائم المشار إليها في هذا الباب كل من كان البادئ بإبلاغ السلطات الإدارية أو القضائية عن الجريمة قبل الشروع في تنفيذ أي فعل منها. ويجوز الإعفاء من العقوبة إذا حدث الإبلاغ بعد تمام الجناية أو الجنحة أو الشروع فيها ولكن قبل البدء في التحقيق. وكذلك يجوز إعفاء الجاني الذي يكون بعد البدء في التحقيق قد مكن من القبض على الجناة أو شركائهم في نفس الجريمة أو في جرائم أخرى مماثلة لها في النوع أو الخطورة.
2,1,1,188,إذاعة أسرار التحقيقات,يعاقب بالعقوبات المنصوص عليها في المادة 185 كل من أذاع بيانات متعلقة بتحقيقات أو تحريات خاصة بجريمة من الجرائم المنصوص عليها في هذا الباب. وتزاد العقوبة بمقدار لا يجاوز الضعف إذا ارتكب الفعل من علم بهذه البيانات بحكم وظيفته أو أثناء القيام بما عهد إليه من مهام.
2,1,1,189,تفسير,في تطبيق أحكام هذا الباب : أولاً : يبقى ليبيا من فقد جنسيته الليبية بقصد تفادي واجب الولاء لوطنه. ثانياً : يقصد بعبارة (( البلاد )) الأراضي التي للدولة الليبية عليها سيادة أو سلطان. ثالثاً : يقصد بعبارة (( أسرار الدفاع عن البلاد )) الأشياء والوثائق والبيانات والمعلومات التي يجب لمصلحة الدفاع عن البلاد ألا يعلم بها غير من أنيط بهم حفظها. رابعاً : وتعتبر في حكم أسرار الدفاع عن البلاد الأشياء والوثائق والمعلومات التي اعتبرت سراً بمقتضى أمر من الجهة الحكومية المختصة أو التي ليست في ذاتها سراً ولكن إذاعتها قد تؤدي الى كشف أسرار الدفاع عن البلاد. خامساً : تعتبر في حكم حالة الحرب الفترة التي يكون فيها خطر الحرب محدقاً إذا لحقته الحرب فعلاً. سادساً : إذا ارتكبت الجرائم المنصوص عليها في هذا الباب ضد دولة حليفة زمن حرب اعتبرت في حكم الجرائم التي تقع على الدولة الليبية. سابعاً : تشمل عبارة (( الدولة التي تحارب ليبيا )) الجماعات السياسية التي تعامل معاملة الدولة المحاربة ولو لم يكن معترفاً بها كدولة.
2,1,2,195,إهانة السلطات الدستورية أو الشعبية,مع عدم الإخلال بأي عقوبة أشد ينص عليها قانون آخر، يعاقب بالسجن كل من صدر عنه ما يشكل مساساً بثورة الفاتح العظيم أو قائدها. ويعاقب بذات العقوبة كل من أهـان السلطة الشعبية أو إحدى الهيئات القضائية أو الدفاعية أو الأمنية وما في حكمها من الهيئات النظامية الأخرى أو أهان علانية الشعب العربي الليبي أو شعار الدولة أو علمها.
2,1,2,196,الاعتداء على الدستور,يعاقب بالإعدام كل من شرع بالقوة أو بغيرها من الوسائل التي لا يسمح باستعمالها النظام الدستوري في تغيير الدستور أو شكل الحكم.
2,1,2,197,استعمال المفرقعات في ارتكاب الجريمة السابقة,يعاقب بالإعدام كل من استعمل قنابل أو آلات مفرقعة أخرى بنية ارتكاب الجريمة المنصوص عليها في المادة السابقة أو بغرض الاغتيال السياسي. ويعاقب بالسجن مدة لاتقل عن خمس سنوات كل من صنع أو استورد من الخارج أو أحرز قنابل أو ديناميتاً أو مفرقعات أخرى بنية ارتكاب فعل مما ذكر. ويعتبر في حكم المفرقعات كل مادة معدة لأن تدخل في تركيب المفرقعات، وكذلك الأجهزة والآلات والأدوات والأشياء التي تستخدم لصنعها أو تفجيرها.
2,1,2,198,تخريب مباني الحكومة أو مستودعات ذخيرتها أو ممتلكاتها,يعاقب بالسجن المؤبد أو السجن مدة لاتقل عن خمس سنوات كل من خرب عمداً مباني أو مخازن ذخائر أو غيرها من أملاك الحكومة.
2,1,2,198 مكرر,,يعاقب بالحبس كل من قام بعمل من أعمال الشغب أو التظاهر أو إثارة الفوضى أثناء ممارسة الأنشطة الرياضية أو بسببها سواءً داخل الملاعب الرياضية أو خارجها، فإذا نتج عن الفعل إتلاف أو تخريب مباني أو أموال مملوكة للدولة أو لأحد الأشخاص الاعتبارية العامة أو الخاصة أو للأفراد تكون العقوبة السجن والغرامة التي تعادل أربعة أضعاف قيمة الضرر الذي وقع. أما إذا نتج عن الفعل أضرار جسيمة في الأرواح أو الممتلكات فتكون العقوبة الإعدام.
2,1,2,199,اغتصاب قيادة عسكرية أو التمسك بها دون حق,يعاقب بالإعدام كل من تولى، لغرض إجرامي، قيادة فرقة أو وحدة من وحدات الجيش أو قسم من الأسطول أو سفينة حربية أو طائرة حربية أو نقطة عسكري ة أو ميناء أو مدينة بغير تكليف من الحكومة أو بغير سبب مشروع، ويعاقب كذلك بالإعدام كل من استمر، رغم الأمر الصادر له من الحكومة، في قيادة عسكرية أياً كانت وكل رئيس قوة استبقى جنوده تحت السلاح أو مجتمعين بعد صدور أمر الحكومة بتسريحهم.
2,1,2,200,استعمال القوات مخالفة لأوامر الحكومة,يعاقب بالسجن مدة لاتقل عن ثلاث سنوات كل شخص له حق الأمر في أفراد الجيش أو البوليس فطلب إليهم أو كلفهم العمل على تعطيل أوامر الحكومة الصادرة بالتجنيد أو استخدامهم في ذلك، فإذا ترتب على هذا الأمر أو التكليف أثره بإن تعطل تنفيذ أوامر الحكومة بسبب طاعة الجنود لهذا الأمر أو التكليف غير المشروعين يعاقب بالإعدام. أما من دونه من رؤساء الجنود أو قوادهم الذين أطاعوا هذه الأوامر غير المشروعة فيعاقبون بالسجن مدة لاتقل عن ثلاث سنوات.
2,1,2,201,استعمال القوة ضد سلطات الدولة,يعاقب بالإعدام كل من دبر أو اشترك في أي عملية مسلحة ضد سلطات الدولة ولو كانت الأسلحة المعدة لذلك الغرض موضوعة في مستودع ما دامت لغرض الاستعمال.
2,1,2,202,أفعال التخريب والنهب والتقتيل,يعاقب بالإعدام كل من ارتكب في أرض الدولة فعلا يرمى الى التخريب أو النهب أو قتل الناس جزافاً بقصد الاعتداء على سلامة الدولة.
2,1,2,203,الحرب الأهلية,يعاقب بالإعدام كل من يرتكب فعلاً غايته إثارة حرب أهلية في البلاد، أو تفتيت الوحدة الوطنية أو السعي للفرقة بين مواطني الجمهورية العربية الليبية.
2,1,2,204,الاعتداء على السلطات الدستورية,يعاقب بالإعدام كل من ارتكب فعلا يرمى إلى منع رئيس الدولة أو السلطة الشعبية أو الحكومة منعاً كلياً أو جزئياً من مزاولة أعمالهم أو مباشرة سلطاتهم المخولة لهم قانوناً ولو كان المنع مؤقتاً.
2,1,2,205,إهانة الأمة وشعائرها,كل من أهان علانية الأمة الليبية أو العلم الوطني أو شعار الدولة يعاقب بالسجن مدة لاتزيد على ثلاث سنوات. وفي القانون الجنائي تشمل عبارة (( العلم الوطني )) علم الدولة الرسمي وكل علم آخر يحمل الألوان الوطنية. وتطبق أحكام هذه المادة أيضاً على من أهان علانية الألوان التي ترمز مجتمعة للعلم الوطـني.
2,1,2,206,التنظيمات والتشكيلات غير المشروعة,يعاقب بالإعدام كل من دعا إلى إقامة أي تجمع أو تنظيم أو تشكيل محظور قانوناً أو قام بتأسيسه أو تنظيمه أو إدراته أو تمويله أو أعد مكاناً لاجتماعاته، وكل من أنظم إليه أو حرض على ذلك بأية وسيلة كانت، أو قدم أية مساعدة له، وكذلك كل من تسلم أو حصل مباشرة أو بطريق غير مباشر بأية وسيلة كانت على نقود أو منافع من أي نوع أو من أي شخص أو من أية جهة بقصد إقامة التجمع أو التنظيم أو التشكيل المحظور أو التمهيد لإقامته، ويتساوى في العقوبة الرئيس والمرؤوس مهما دنت درجته في التجمع أو التنظيم أو التشكيل أو ما شابه ذلك، وسواء أكان مقر هذا التجمع في الداخل أو الخارج.
2,1,2,207,الترويج لأي عمل ضد نظم الدولة,يعاقب بالإعدام كل من روج في البلاد بأية طريقة من الطرق نظريات أو مبادئ ترمي لتغيير مبادئ الدستور الأساسية أو النظم الأساسية للهيئة الاجتماعية أو لقلب نظم الدولة السياسية والاجتماعية والاقتصادية أو لهدم أي نظام من النظم الأساسية للهيئة الإجتماعية باستعمال العنف والإرهاب أو أية وسيلة أخرى غير مشروعة. ويعاقب بالسجن المؤبد كل من حاز كتباً أو منشورات أو رسومات أو شعارات أو أي أشياء أخرى بقصد تحبيذ الأفعال المذكورة، أو حبذها بأية طريقة أخرى. كما يعاقب بالسجن المؤبد كل من تسلم أو حصل مباشرة أو بالوساطة بأية طريقة كانت نقوداً أو منافع من أي نوع ومن أي شخص أو أية جهة كانت داخل البلاد أو خارجها متى كان ذلك في سبيل الترويج لما نص عليه في هذه المادة.
2,1,2,208,تأسيس الجمعيات الدولية غير السياسية أو الانضمام إليها دون إذن,يعاقب بالحبس كل من أنشأ أو أسس أو نظم أو أدار في البلاد دون ترخيص من الحكومة أو بترخيص صدر بناء عن بيانات كاذبة أو ناقصة جمعيات أو هيئات أو أنظمة ذات صفة دولية غير سياسية أو فرعاً لها. ويعاقب بالحبس مدة لا تزيد على ثلاثة أشهر وبغرامة لاتزيد على مائتي دينار كل من إنضم إلى الجمعيات أو الهيئات أو الأنظمة المذكورة وكذلك كل ليبي مقيم في البلاد إنضم أو اشترك بأية صورة دون ترخيص من الحكومة في أي من الأنظمة المذكورة وكان مقرها في الخارج.
2,1,2,210,عقوبات تبعية,تقضي المحكمة عند الحكم بالإدانة في الأحوال المبينة في المادتين 206 و 208 بحل التشكيلات المذكورة وإغلاق مقارها. وفي سائر الأحوال المبينة في المواد الخمس السابقة للمحكمة أن تأمر عند النطق بالإدانة بمصادرة النقود والأمتعة والأوراق وغيرها مما استعمله الجناة في ارتكاب الجريمة أو آل إليهم منها على أي وجه.
2,1,2,211,الاتفاق على ارتكاب الجرائم وتكوين الجمعيات والعصابات لارتكابها,إذا اتفق عدة أشخاص على ارتكاب إحدى الجرائم العمدية المنصوص عليها في الفصلين الأول والثاني من هذا الباب والتي يفرض القانون العقاب عليها بالإعدام أو السجن المؤبد او السجن، أو كونوا أو أسسوا أو نظموا جمعية أو عصابة مسلحة أو غير مسلحة لارتكاب جريمة من تلك الجرائم، يعاقب كل مشترك في الاتفاق أو الجمعية أو العصابة بالعقوبة المقررة للجريمة، المتفق على ارتكابها ولو لم تقم الجريمة، ويتساوى في العقوبة كل من تسبب في الاتفاق أو إيجاد الجمعية أو العصابة أو أسسها أو نظمها أو رأسها وغيره ممن انظم أو اشترك في الاتفاق أو الجمعية أو العصابة.
2,1,2,215,موانع العقاب في حالات خاصة بالتآمر,لا يعاقب في الحالات المنصوص عليها في المادتين 211 و 212 الأشخاص الآتي ذكرهم: 1 – من حل الجمعية أو تسبب في حلها بأي وجه من الوجوه. 2 – من انسحب من الاتفاق أو الجمعية دون أن يكون رئيساً أو مؤسساً قبل اقتراف الجريمة التي تم الاتفاق عليها أو تشكلت الجمعية من أجلها وقبل إلقاء القبض على أعضائها أو قبل بدء الإجراءات ضدهم. ولا يعاقب كذلك من حال على أي وجه من الوجوه دون تنفيذ الجريمة التي تم الاتفاق عليها أو تشكلت الجمعية من أجلها.
2,1,2,216,موانع العقاب في حالات خاصة بالعصابة,لا يعاقب في الأحوال المنصوص عليها في المادتين 213 و 214 الأشخاص الآتي ذكرهم : 1 – من حل العصابة أو تسبب في حلها. 2 – من إنسحب من العصابة أو استسلم بدون مقاومة وسلم سلاحه أو تركه دون أن يكون قائداً للعصابة أو مؤسساً لها. ويشترط أن يتم ذلك قبل ارتكاب الجرائم التي شكلت العصابة من أجلها وقبل أن تصدر أوامر السلطة العامة أو القوات المسلحة في الدولة أو بعد صدورها مباشرة، وكذلك لا عقاب لمن حال على أي وجه دون تنفيذ الجريمة التي أنشئت العصابة من أجلها.
2,1,2,217,الاعتداء على حقوق المواطن السياسية,يعاقب بالحبس كل من منع الغير من ممارسة حق سياسي منعاً كلياً أو جزئياً بالعنف أو التهديد أو الخداع، وكذلك من حمل الغير على ممارسة ذلك الحق على وجه يخالف إرادته.
2,1,3,218,الاعتداء على رؤساء الدول الأجنبية,كل من اعتدى على حياة رئيس دولة أجنبية أو على سلامته أو اعتدى على حريته الشخصية اعتداء خطيراً داخل الأراضي الليبية يعاقب بالسجن المؤبد إذا كان الاعتداء على الحياة وبالسجن مدة لاتقل عن خمس سنوات في الأحوال الأخرى المذكورة. وإذا نجم عن الفعل وفاة المعتدي عليه يعدم الجاني إذا كان الاعتداء على الحياة، ويعاقب بالسجن المؤبد في الأحوال الأخرى.
2,1,3,219,الاعتداء على حرية رؤساء الدول الأجنبية,يعاقب بالسجن ما بين سنة وعشر سنوات كل من اعتدى في الأراضي الليبية على حرية رئيس دولة أجنبية في الأحوال التي لم ينص عليها في المادة السابقة.
2,1,3,220,العيب في ذات رؤساء الدول الأجنبية,يعاقب بالسجن مدة لا تجاوز خمس سنوات كل من عاب علانية في ذات رئيس دولة أجنبية أو مس كرامته وهو داخل الأراضي الليبية.
2,1,3,221,الاعتداء على ممثلي الدول الأجنبية,تطبق أحكام المواد الثلاث السابقة أيضاً إذا وقع الاعتداء على ممثلي الدول الأجنبية المعتمدين لدى الحكومة الليبية بوصفهم رؤساء بعثات دبلوماسية وبسبب أداء مهامهم أو أثناء قيامهم بواجباتهم.
2,1,3,222,الاعتداء على علم دولة أجنبية أو هيئة دولية,كل من أهان داخل أراضي الليبية في محل عام أو معد للكافة علماً رسمياً أو شعاراً لدولة أجنبية متى كان استعمالها متمشياً مع القانون الليبي يعاقب بالحبس. وتطبق العقوبة ذاتها إذا لحقت الإهانة بعلم أو شعار لهيئة الأمم المتحدة أو جامعة الدول العربية أو أية هيئة دولية أخرى يصدر بتعيينها قرار من وزير الخارجية.
2,1,3,223,شرط المعاملة بالمثل,لا تطبق أحكام المواد 218 و 219 و 220 و 221 و 222 إلا إذا تضمن قانون الدولة الأجنبية مساواة في الحماية الجنائية على أساس المعاملة بالمثل. ولا يعامل رؤساء البعثات الدبلوماسية معاملة رؤساء الدول الأجنبية وفقاً للمادة 221 إلا إذا منحت تلك الدول مساواة في الحماية الجنائية لرؤساء البعثات الدبلوماسية الليبية. وإذا لم توجد مثل تلك الحماية طبقت أحكام القانون الجنائي العامة.
2,1,4,224,الإذن بالإجراء وطلبه,لا تجوز إقامة الدعوى بشأن الجرائم المنصوص عليها في المواد 167 و 168 و 175 و 177 و 178 و 180 و 181 و 195 و 208 إلا بإذن من وزير العدل. أما فيما يتعلق بالجرائم المنصوص عليها في المادتين 219 و 220 والمادة 221 بالنسبة للمادتين المذكورتين، وكذلك الجرائم المنصوص عليها في المادة 222 فلا تقام الدعوى إلا بناء على طلب من وزير العدل.
2,1,4,225,الإبعاد,يبعد الأجنبي من الدولة إذا حكم عليه بعقوبة مقيدة للحرية لإحدى الجرائم المنصوص عليها في هذا الباب.
2,2,1,226,الرشوة,يعاقب بالسجن كل موظف عمومي طلب لنفسه أو لغيره أو قبل أو أخذ عطية أو وعد بشيء لاحق له فيه نقداً كان أو أي فائدة أخرى لأداء عمل أو للامتناع عن عمل من أعمال وظيفته، أو يعتقد خطأ أو يزعم أنه من أعمال وظيفته أو للإخلال بواجباتها، ولو كان يقصد عدم القيام بالعمل أو عدم الامتناع عنه أو عدم الإخلال بواجبات وظيفته، أو إذا قبل الموظف العمومي العطية عن عمل من أعمال وظيفته تم القيام به وتطبق العقوبة ذاتها على الراشي وعلى من توسط عمداً بين الراشي والمرتشي.
2,2,1,227,أفعال في أحكام الرشوة,يعد قانوناً في حكم المرتشي ويعاقب بالعقوبات المنصوص عليها في المادة السابقة كل موظف عمومي طلب لنفسه أو لغيره أو قبل أو أخذ عطية أو وعداً بشيء لاحق له فيه نقداً كان أو أي فائدة أخرى، لاستعمال نفوذ حقيقي أو مزعوم للحصول أو محاولة الحصول من أية سلطة عامة أو أية جهة خاضعة لإشرافها على أعمال أو التزام أو مقاولة أو اتفاق توريد أو ترخيص، أو أوامر أو قرارات أو أحكام أو وظيفة أو خدمة أو رتبة أو أوسمة أو أية مكافأة أو مزية من أي نوع.
2,2,1,227 مكررة,,إذا كان الغرض من الرشوة ارتكاب فعل يعاقب عليه القانون بعقوبة أشد من العقوبة المقررة للرشوة يعاقب بالعقوبة المقررة للفعل مع الغرامة المقررة للرشوة.
2,2,1,228,حكم مشدد للرشوة,إذا ترتب على الفعل المنصوص عليه في المادتين 226 و 227 صدور حكم بالسجن المؤبد أو بالسجن كانت العقوبة السجن مدة لاتقل عن ست سنوات وغرامة لا تقل عن مائتي جنيه. وتكون العقوبة السجن المؤبد إذا نجم عن الفعل حكم بالإعدام.
2,2,1,228 مكررة,,يعفى الراشي أو الوسيط من العقوبة إذا أخبر السلطات بالجريمة قبل وقوعها وقبل اتخاذ إجراء ما، فإذا حصل الإخبار بعد اتخاذ الإجراءات تعين أن يؤدي إلى إدانة الجناة الآخـرين.
2,2,1,229,رفض الرشوة,يعاقب بالسجن كل من عرض على موظف عمومي دون أن يقبل منه عرضه عطية أو وعداً بشيء لاحق له فيه نقداً كان أو أي فائدة أخرى لحمله على أداء عمل من أعمال وظيفته أو لعمل مخالف لواجباته أو للامتناع عنه أو تأخيره.
2,2,1,229 مكررة (أ),,كل شخص أخذ أو قبل العطية أو الفائدة بقصد إيصالها لغيره مع علمه بسبب ذلك يعاقب بالحبس مدة لاتزيد على سنة وبغرامة لا تقل عن عشرين جنيها ولا تزيد على مائة جنيه إذا لم يكن قد توسط في الرشوة.
2,2,1,229 مكررة (ب),,كل مستخدم طلب لنفسه أو لغيره أو قبل أو أخذ وعداً أو عطية بغير علم مخدومه أو رضائه لأداء عمل من الأعمال المكلف بها أو الامتناع عنه يعاقب بالحبس.
2,2,1,229 مكررة (ج),,مع عدم الإخلال بتعريف الموظف العمومي الوارد في البند ( 4 ) من المادة ( 16 ) يعد أيضاً في حكم الموظف العمومي : أ ) رؤساء وأعضاء الهيئات النيابية أو المحلية سواء كانوا منتخبين أو مختارين بأية طريقة أخرى. ب ) رؤساء وأعضاء اللجان الشعبية. ج ) رؤساء وأعضاء مجالس إدارة ومديرو وموظفو ومستخدمو الشركات والمؤسسات والجمعيات والمنشآت إذا كانت الدولة أو إحدى الهيئات أو المؤسسات العامة تساهم في رأس مالها.
2,2,1,230,إختلاس الأموال العامة والخاصة,يعاقب بالسجن كل موظف عمومي يكون في حيازته بحكم وظيفته أو مهنته نقود أو أي مال منقول من أموال الإدارة العامة أو الأفراد وإختلسها أو ادعى ملكيتها أو ملكها لغيره.
2,2,1,231,ابتزاز الأموال,يعاقب بالسجن مدة لاتقل عن عشر سنوات كل موظف يسئ استعمال وظيفته أو مهامه ويرغم غيره أو يحمله على إعطائه أو الوعد بإعطائه هو أو غيره نقوداً أو منفعة أخرى لا حق له فيها. وتكون العقوبة الحبس لمدة لا تقل عن سنتين إذا استلم الموظف العمومي الشيء غير المستحق مستغلاً غلط الغير فقط.
2,2,1,231 مكررة (أ),,يحكم على الجاني في جميع الأحوال المبينة بالمواد 226 و 227 و 229 و 230 و231، بغرامة تعادل ضعف ما طلب الموظف العمومي أو قبل أو وعد به أو عرض عليه أو إختلس على ألا تقل عن مائة دينار.
2,2,1,231 مكررة (ب),,إذا كان أداء العمل أو الامتناع عنه المبين بالمواد 226 و 227 و 229 حقاً، تخفض العقوبات إلى النصف.
2,2,1,232,التدليس ضد الإدارة العامة,يعاقب بالسجن ما بين سنة وخمس سنين وبغرامة تساوي ضعف المبلغ الذى دلس به كل موظف عمومي عهد إليه بعمل فاستخدم عدداً من الأشخاص أقل من العدد الواجب استخدامه وأظهر أنه استخدمهم جميعاً فحصل لنفسه من ذلك على ما خصص لسداد ما يستحق لهم من مرتبات أو أجور أو قيد في دفاتر الحكومة أو الهيئة العمومية الاخرى أسماء أشخاص استخدمهم في أمور خاصة، ليتمكن من دفع مرتباتهم أو أجورهم مما خصص من مال الدولة أو الهيئة.
2,2,1,233,استغلال الوظيفة للمصلحة الخاصة.,يعاقب بالحبس مدة لاتقل عن ستة أشهر كل موظف عمومي يحصل لنفسه، سواء مباشرة أو عن طريق غيره أو بأفعال مختلفة، على منفعة من أي عمل من أعمال الإدارة التي يمارس فيها وظيفته.
2,2,1,234,سوء التصرف أضراراً بمصالح الإدارة العامة أو القضاء,يعاقب بالحبس والعزل كل موظف عمومي استغل سلطة وظيفته لايقاف تنفيذ الأوامر الصادرة من الحكومة أو تنفيذ القوانين أو اللوائح المعمول بها أو تأخير تحصيل الأموال أو الرسوم المقررة قانوناً أو وقف تنفيذ حكم أو امر صادر من المحكمة أو من أي جهة مختصة. ويعاقب بالعقوبة ذاتها كل موظف عمومي امتنع عمداً عن تنفيذ حكم أو أمر مما ذكر بعد مضي عشرة أيام من إنذاره على يد محضر إذا كان تنفيذ الأمر أو الحكم داخلاً في اختصاصه.
2,2,1,235,سوء استعمال السلطة حيث لا قانون,يعاقب بالحبس مدة لاتقل عن ستة أشهر كل موظف عمومي يسئ استعمال سلطات وظيفته لنفع الغير أو الإضرار به وذلك إذا لم ينطبق على فعله نص جنائي آخر في القانون.
2,2,1,236,إفشاء أسرار الوظيفة,يعاقب بالحبس مدة لاتقل عن ستة أشهر كل موظف عمومي يخل بواجبات وظيفته أو يسئ استعمالها بأن يفشي معلومات رسمية يلزم بقاؤها سرية، أو يسهل بأي طريقة كانت الوصول إلى الإفشاء بها.
2,2,1,237,التقصير أو الامتناع عن القيام بالواجب,يعاقب بالحبس مدة لاتزيد على سنة أو بغرامة لاتجاوز مائتي جنيه ليبي كل موظف عمومي يمتنع بدون وجه حق عن أداء عمل من أعمال وظيفته أو يهمله أو يعطله. وإذا كان الموظف العمومي قاضياً أو عضواً بالنيابة العـامة اعتبر ممتنعاً أو مهملاً أو معطلاً إذا توافرت الشروط القانونية اللازمة لمخاصمته وتضاعف العقوبة في شأنه.
2,2,1,238,ترك الوظيفة أو الخدمة العامة أو العمل عن طريق التمرد,إذا ترك ثلاثة أو أكثر من الموظفين العموميين أو موظفي ومستخدمي المرافق العامة مكاتبهم أو وظائفهم أو أعمالهم أو أدوها بشكل يؤثر في سيرها سيراً متواصلاً منتظماً، متفقين على ذلك أو مبتغين منه تحقيق غرض مشترك، يعاقب كل منهم بالحبس مدة تتراوح بين ثلاثة أشهر وسنة وبغرامة لا تزيد على مائة جنيه. ويضاعف الحد الأقصى لهذه العقوبة إذا كان الترك أو التقصير في تأدية الواجب من شأنه أن يجعل حياة الناس أو صحتهم أو أمنهم في خطر أو كان من شأنه أن يحدث اضطرابا أو فتنة بين الناس أو إذا أضر بمصلحة عامة. وكل موظف عمومي ترك عمله أو امتنع عن عمل من أعمال وظيفته بقصد عرقلة سير العمل أو الإخلال بانتظامه يعاقب بالحبس مدة لا تجاوز ستة أشهر أو بغرامة لا تجاوز خمسين جنيها. ويضاعف الحد الأقصى لهذه العقوبة إذا كان الترك أو الامتناع من شأنه أن يحدث اضطراباً مما نص عليه في الفقرة الثانية من هذه المادة.
2,2,1,239,التحريض على التمرد وتحبيذه,يعاقب بضعف العقوبات المقررة في المادة السابقة كل من اشترك بطريق التحريض في ارتكاب جريمة من الجرائم المبينة فيها. ويعاقب بالعقوبات المقررة بالفقرة الأولى من المادة المذكورة كل من حمل أو حرض أو شجع موظفاً عمومياً بأية طريقة كانت على ترك العمل أو الامتناع عن أداء واجب من واجبات الوظيفة إذا لم يترتب على تحريضه أو تشجيعه أية نتيجة. ويعاقب بنفس العقوبة كل من حبذ جريمة من الجرائم المنصوص عليها في الفقرتين الثانية والرابعة من المادة 238 أو أذاع عنها أخباراً غير صحيحة أو كاذبة بإحدى طرق العلانية. وفضلا عن العقوبات المتقدم ذكرها يحكم بالحرمان من الوظائف العمومية إذا كان مرتكب الجريمة من الموظفين العموميين.
2,2,1,240,التعدي على حرية الموظفين والمستخدمين العموميين في وظائفهم,يعاقب بالعقوبات المبينة في الفقرة الثانية من المادة 238 كل من يتعدى أو يشرع في الاعتداء على حق الموظفين العموميين في العمل، باستعمال القوة أو العنف أو الإرهاب أو التهديد أو التدابير غير المشروعة على الوجه المبين في المادة 359 من هذا القانون.
2,2,1,241,إخفاء المضبوط أو المحجوز أو إتلافه أو تبديده,يعاقب بالحبس مدة لاتقل عن ستة أشهر وبالغرامة ما بين عشرة جنيهات وخمسين جنيهاً كل شخص، سواء أكان موظفاً عمومياً أم لم يكن إختلس أو أخفى أو أعدم أو بدد أو أتلف شيئاً محجوزاً أو مضبوطاً قضائياً أو إدارياً عهدت إليه حراسته وكان قصده الأوحد من أفعاله المذكورة مساعدة صاحب ذلك الشيء. ويعاقب بالحبس من ثلاثة أشهر إلى سنتين وبالغرامة من خمسة جنيهات إلى خمسة وعشرين جنيهاً صاحب الشيء المعهودة إليه حراسته إذا ارتكب فعلاً من الأفعال المذكورة. وتكون العقوبة الحبس مدة لا تجاوز السنة أو الغرامة التي لا تجاوز خمسة وعشرين جنيها إذا اقترف الفعل صاحب الشيء دون أن تكون حراسته معهودة إليه.
2,2,1,242,التعدي خطأ على الواجبات المتعلقة بحراسة الأشياء المضبوطة أو المحجوزة,يعاقب بالحبس مدة لاتجاوز ستة أشهر أو بغرامة لا تجاوز عشرين جنيهاً كل شخص سواء أكان موظفاً عمومياً أم غير ذلك كان في حيازته شيء محجوز أو مضبوط قضائياً أو إدارياً وتسبب خطأ في إعدامه أو تبديده أو سهل إخفاءه أو إختلاسه.
2,2,1,243,التعرض لحرية المزايدات,يعاقب بالحبس وبغرامة تتراوح ما بين عشرة جنيهات وخمسين جنيهاً الموظفون العموميون وسائر الأشخاص الذين يتعرضون لحرية البيوع القضائية عن طريق المزاد العلني أو للمزايدات أو المناقصات العامة أو التي يجريها الأفراد نيابة عن الإدارة العامة وذلك باستعمال العنف أو التهديد عن طريق العطايا أو الوعود أو التواطؤ أو بأية طريق أخرى إضراراً بسير الإجراءات سيراً طبيعياً أو بقصد الغش. وإذا كان الجاني شخصاً عينه القانون أو السلطات العامة للقيام بتلك المزيدات أو المناقصات أو البيوع كانت العقوبة السجن من ثلاث سنوات إلى خمس سنوات وغرامة تتراوح بين خمسة وعشرين جنيهاً ومائة جنيه. وإذا كان التعرض موجهاً للبيوع الخاصة التي تجري لمصلحة الأفراد تحت إشراف موظف عمومي أو أي شخص آخر خول بذلك قانوناً فتطبق العقوبات المنصوص عليها في الفقرة الأولى.
2,2,1,244,الاطلاع على المراسلات واتلافها وإفشاؤها,يعاقب بالحبس مدة لاتقل عن ستة أشهر كل موظف عمومي تابع لمصلحة البريد والتليفون والبرق أخفي أو أوقف أو أخر رسالة أو أطلع عليها وأفشى للغير ما حوته. وفي هذه المادة يراد من (( الرسالة )) المكاتيب والمحادثات التليفونية والبرقيات وما إلى ذلك من وسائل الإرسال. واذا ارتكب الأفعال المذكورة أشخاص آخرون تكون العقوبة الحبس مدة لاتزيد عن ستة أشهر أو الغرامة التي لاتجاوز عشرين جنيهاً وذلك بناء على شكوى الطرف المتضرر.
2,2,2,245,إهانة الموظف العمومي ورجال القضاء والهيئات,يعاقب بالحبس مدة لا تجاوز السنة كل من أهان موظفاً عمومياً أو حط بكرامته أثناء تأدية وظيفته أو بسبب تأديتها بالإشارة أو القول أو التهديد أو عن طريق البرق أو التليفون أو المحررات أو الرسوم الموجهة إليه. وتزاد العقوبة بمقدار لا يجاوز النصف إذا كان الاعتداء موجهاً الى أحد رجال القضاء أثناء المرافعة أو ضد أي عضو من أعضاء هيئة قضائية أو إدارية أثناء انعقاد تلك الهيئة. وتكون العقوبة الحبس إذا وجه الاعتداء ضد شرف هيئة إدارية أو قضائية أو كرامتها وهي منعقدة.
2,2,2,246,استعمال القوة أو التهديد ضد الموظف العمومي,يعاقب بالحبس مدة لاتقل عن ستة أشهر كل من استعمل القوة أو التهديد ضد أي موظف عمومي ليرغمه على القيام بعمل مخل بوظيفته أو الخدمة المكلف بها أو ليحمله على الامتناع عن القيام بما هو واجب عليه قانوناً. وتكون العقوبة الحبس إذا اقتصر الفعل المقترف على إرغام أحد الأشخاص المذكورين على القيام بعمل يتعلق بوظيفته أو الخدمة المكلف بها أو التأثير عليه ف ي مزاولة مهامه أو خدمته بأية طريقة.
2,2,2,247,مقاومة الموظف العمومي,يعاقب بالحبس مدة لا تزيد على سنتين كل من استعمل القوة أو التهديد لمقاومة أي رجل من رجال الأمن أو أي موظف عمومي آخر أثناء تأدية وظيفته. ويعاقب بالعقوبة ذاتها كل من استعمل القوة أو التهديد ضد من قدم مساعدته عند الطلب للأشخاص المذكورين. وإذا حصل مع الفعل ضرب أو نشأ عنه جرح تكون العقوبة الحبس.
2,2,2,248,استعمال القوة أو التهديد ضد هيئة إدارية أو قضائية,إذا ارتكبت الأفعال المنصوص عليها في المادتين السابقتين ضد هيئة إدارية أو قضائية تكون العقوبة الحبس مدة لاتقل عن سنة.
2,2,2,249,ظروف التشديد,تزاد العقوبة المقررة في المواد الثلاث السابقة بقدر لا يجاوز النصف إذا تم استعمال القوة أو التهديد عن طريق السلاح أو من شخص متنكر أو من عدة أشخاص مجتمعين أو بكتاب مجهول الامضاء أو مؤشر عليه برمز أو بإرهاب صادر من جمعيات سرية حقيقية كانت أو وهمية. وإذا استعمل القوة أو التهديد خمسة أشخاص أو أكثر مجتمعين مع استعمال السلاح ولو قام به شخص واحد منهم أو كان عدد الأشخاص يزيد على عشرة ولو لم يستعمل السلاح تكون العقوبة في الحالات المنصوص عليها في الفقرة الأولى من المادة 246 وفي المادتين 247 و 248 السجن مدة لاتزيد على عشر سنوات. وفي الحالة المنصوص عليها في الفقرة الثانية للمادة 246 السجن مدة لاتزيد على خمس سنوات.
2,2,2,250,انتحال الصفات أو الوظائف,كل من تدخل في أعمال وظيفة من الوظائف العمومية مدنية كانت أو عسكرية أو زاولها أو مارس مقتضياتها من غير أن تكون له صفة رسمية من الحكومة أو إذن منها يعاقب بالسجن مدة لاتجاوز السنتين. وتطبق العقوبة ذاتها على الموظف العمومي الذي يستمر في مزاولة وظيفته أو ممارسة مقتضياتها بعد علمه باعفائه منها أو ايقافه. ويجب نشر الحكم الصادر بالإدانة على الصحف.
2,2,2,251,الاحتراف بالمهن من غير حق,كل من زاول بغير حق مهنة من المهن التي تتطلب إذنا خاصاً من الدولة يعاقب بالحبس مد لاتزيد على ستة أشهر أو بالغرامة ما بين عشرين جنيهاً ومائة جنيه.
2,2,2,252,فك الأختام,يعاقب بالحبس مدة لاتزيد على سنة كل من فك ختماً من الأختام الموضوعة لحفظ محل أو لإثبات موقعه أو لصيانة أوراق أو أمتعة أخرى بناء على إجراء قانوني أو أمر صادر من السلطة الإدارية أو القضائية. وتزاد العقوبة بمقدار لا يجاوز الضعف إذا كان الجاني ممن عهدت إليهم حراسة الشيء المحافظ عليه بالاختام.
2,2,2,253,تسهيل فك الأختام عن خطأ,يعاقب بغرامة لا تجاوز خمسين جنيهاً كل من عهدت إليه حراسة شيء محفوظ تحت الأختام فسهل بتقصيره فك الأختام أو جعل الفك ممكناً. فإذا كانت الأختام موضوعة على أوراق أو أمتعة المتهم في جناية أو المحكوم عليه في جناية يعاقب الحارس الذي وقع منه إهمال بالحبس مدة لاتزيد على سنة.
2,2,2,254,التعدي على الأشياء المحروسة,كل من أختلس أو أعدم أو أتلف أو بدد أو أفسد موضوع جريمة أو أحرازاً أو مستندات أو سجلات أو أي منقول آخر يهم الإدارة العامة وكان محفوظاً في مكتب عمومي أو مسلماً إلى شخص مأمور بحراسته قانوناً يعاقب بالحبس مدة لا تقل عن سنة ما لم تكون تلك الأفعال جريمة أشد. وتكون العقوبة السجن مدة لا تزيد على ست سنوات إذا ارتكب الجريمة الموظف العمومي الذي في عهدته تلك المنقولات.
2,2,2,255,تسهيل الجريمة عن خطأ,إذا اقترن ارتكاب الفعل المنصوص عليه في المادة السابقة بإهمال الحارس بحيث سبب ذلك وقوع الجريمة أو سهله يعاقب الحارس بغرامة من خمسين جنيها ً إلى مائة وخمسين جنيهاً.
2,2,2,256,استعمال القوة,إذا وقع فك الأختام أو إختلاس المستندات أو غيرها أو إتلافها مع استعمال العنف ضد الأشخاص المعهود إليهم بحراستها أو إيداعها يعاقب الجاني بالسجن مدة تتراوح بين ثلاث سنين وعشر سنوات.
2,2,2,257,الإدعاء بالتأثير,يعاقب بالسجن مدة لا تزيد على خمس سنوات وبغرامة لا تزيد على خمسمائة دينار كل من أدعى أن له تأثيراً في موظف عمومي وأخذ لنفسه أو لغيره أو حمل الغير على أن يدفع له أو لغيره مالاً أو منفعة أخرى أو حصل على وعد بذلك لقاء توسطه لدى الموظف العمومي. ويعاقب بالعقوبة ذاتها كل من أخذ لنفسه أو لغيره مالاً أو منفعة أخرى أو حصل على وعد بذلك بدعوى وجوب استخدام المال أو المنفعة لكسب عطف الموظف العمومي ومكافأته به.
2,3,1,258,التقصير في التبليغ,إذا علم موظف عمومي أثناء ممارسة مهامه أو بسببها بوقوع جريمة مما يجب اتخاذ الإجراءات بشأنها دون التوقف على شكوى الطرف المتضرر وأهمل أو تأخر في التبليغ إلى السلطات المختصة يعاقب بالحبس مدة لا تزيد على سنة أو بغرامة تتراوح بين عشرة جنيهات وخمسين جنيهاً. وتكون العقوبة الحبس مدة لا تزيد على سنتين إذا تعلق الفعل بجناية عقوبتها الإعدام أو السجن المؤبد أو السجن الذي لا يقل حده للأقصى عن عشر سنوات. وتكون العقوبة الحبس إذا ارتكب الفعل أحد رجال الضبط القضائي أياً كانت طريقة علمه بالجريمة. ويعاقب بالعقوبة ذاتها رجال الضبط القضائي أو غيرهم من المسئولين عن تسلم الشكوى أو التبليغ إذا أهملوا أو تأخروا في إحالتها الى السلطة المختصة. ولا عقاب على من ارتكب الفعل بدافع ضرورة انقاذ نفسه أو أحد ذوي قرباه من ضرر جسيم على حريته أو شرفه تعذر دفعه.
2,3,1,259,التقصير في تقديم التقرير الطبي,كل من أسدى مساعدة بحكم مهنته الطبية في حالات يشير ظاهرها إلى وقوع جريمة مما يجب اتخاذ الإجراءات بشأنها دون التوقف على شكوى الطرف المتضرر وتأخرأو أهمل في إبلاغ السلطات المختصة يعاقب بغرامة لا تزيد على خمسين جنيهاً. ولا يطبق هذا الحكم إذا كان التبليغ يعرض الشخص الذي قدمت له المساعدة إلى أي إجراء جنائي، وكذلك لا تطبق في الحالة المنصوص عليها في الفقرة الأخيرة من المادة السابقة.
2,3,1,260,رفض القيام بما يستوجب قانونا ً,كل من عينته السلطة القضائية خبيراً أو مترجماً أو حارساً على أشياء محجوزة وحصل بوسائل احتيالية على الإعفاء من واجب الحضور أو من تقديم ما هو ملزم به بحكم وظيفته يعاقب بالحبس مدة لا تزيد على ستة أشهر أو بغرامة تتراوح بين عشرة جنيهات خمسين جنيهاً. وتطبق العقوبة ذاتها على من أستدعى أمام السلطة القضائية للقيام بإحدى المهام المذكورة ورفض الإدلاء بالبيانات الشخصية عن نفسه أو أداء اليمين المطلوبة أو القيام بما عهد إليه. وتطبق الأحكام السابقة على الشخص الذي يستدعى للشهادة أمام السلطة القضائية وعلى كل شخص آخر استدعى لممارسة مهمة قضائية. وإذا كان الجاني خبيراً أو مترجماً يترتب على الحكم الحرمان من المهنة أو الحرفة.
2,3,1,261,اختلاق الجريمة,يعاقب بالحبس من سنة إلى ثلاث سنين كل من شكا إلى السلطات المختصة أو أبلغها كذباً بوقوع فعل يعد جريمة قانوناً أو أصطنع آثاره بشكل ٍيمكن معه مباشرة أي إجراء جنائي للوقوف على الحقيقة ولو كانت الشكوى أو التبليغ مجهوله الإمضاء أو تحت اسم مستعار.
2,3,1,262,الإفتراء,يعاقب بالحبس كل من اتهم شخصاً بفعل يعتبر جريمة قانوناً مع علمه بأن ذلك الشخص برئ أو اختلق ضده آثار جريمة وكان الاتهام أو الاختلاق بشكلٍ يمكن معه مباشرة أي إجراء جنائي ضد المتهم كذباً إذا حصل الاتهام أو الاختلاق أمام السلطات المختصة، ولو كانت الشكوى أو الدعوى مجهولة الإمضاء أو تحت اسم مستعار. وتزاد العقوبة بمقدار لا يجاوز النصف إذا اتهم الشخص بجريمة يعاقب عليها بالإعدام أو السجن المؤبد أو السجن الذي يزيد أقصاه على عشر سنوات. وتكون العقوبة السجن مدة لا تزيد على خمس سنوات إذا ترتب على الاتهام أو الاختلاق دون غيره حكم بالسجن لمدة تزيد على خمس سنين فإذا حكم بالسجن المؤبد كانت العقوبة السجن مدة لا تزيد على عشر سنوات. وتكون العقوبة السجن المؤبد إذا حكم بالإعدام.
2,3,1,263,الافتراء على النفس,يعاقب بالحبس مدة لا تزيد على سنتين كل من اتهم نفسه كذباً بفعل يعتبر جريمة قانوناً بالتصريح بذلك أمام السلطات المختصة ولو كان الاتهام بكتاب مجهول الإمضاء أو تحت اسم مستعار أو بالاعتراف أمام السلطة القضائية إذا تم ذلك الاتهام بشكل يمكن معه مباشرة أي إجراء جنائي. ويعفى من العقاب في الحالة المنصوص عليها في الفقرة الأخيرة من المادة 258.
2,3,1,264,الاختلاق أو الافتراء في المخالفات,إذا تعلق الاختلاق أو الافتراء بفعل يعد مخالفة بمقتضى القانون كانت العقوبة الحبس مدة لا تتجاوز شهراًأو غرامة لا تزيد على عشرة جنيهات.
2,3,1,265,اليمين الكاذبة,من كان طرفا في قضية مدنية وحلف كذباً يعاقب بالحبس مدة لا تزيد على سنتين ويجوز أن تضاف للحبس غرامة لا تجاوز مائة جنيه.
2,3,1,266,شهادة الزور,كل من أدلى بشهادة أمام القضاء فأخفى الحقيقة أو أنكرها أو غيرها أو سكت عن كل أو بعض ما يعلمه من الوقائع التي سئل عنها يعاقب بالحبس مدة لا تزيد على سنتين. وإذا نجم عن الفعل حكم بالسجن مدة لا تزيد على خمس سنوات كانت العقوبة الحبس وإذا صدر حكم بالسجن مدة تزيد على خمس سنوات فالعقوبة السجن مدة لا تزيد على سبع سنوات. أما إذا ترتب على الشهادة حكم بالسجن المؤبد فالعقوبة السجن. وتكون العقوبة السجن المؤبد إذا ترتب على الشهادة حكم بالإعدام.
2,3,1,267,كذب الخبير أو المترجم,كل من عينته السلطة القضائية خبيراً أو مترجماً في قضية مدنية أو تجارية أو جنائية أو إدارية وأدلى عمداً بآراء كاذبة أو ترجمة غير صحيحة أو أكد وقائع لا تتفق مع الحقيقة يعاقب بالعقوبة المقررة في المادة 266 الخاصة بشهادة الزور. ويترتب على الحكم، علاوة على الحرمان من الوظائف العامة الحرمان من مزاولة المهنة أو الحرفة.
2,3,1,268,النكل والحالات الأخرى المانعة من العقاب,في الأحوال المنصوص عليها في المادتين 266 و 267 لا يعاقب الجاني إذا رجع عن الكذب أو أظهر الحقيقة أثناء سير التحقيق الذي قام فيه بمهمته قبل أن ينتهي التحقيق بإصدار قرار يقضي بعدم إقامة الدعوى أو قبل انتهاء المحاكمة أو تأجيلها بسبب الكذب نفسه. وإذا وقع الكذب في قضية مدنية أو إدارية فلا يعاقب الكاذب إذا تراجع وأظهر الحقيقة قبل أن يصدر حكم نهائي في الدعوى ولو لم يكن الحكم قطعياً. ولا تطبق العقوبة إذا ارتكب الفعل من كان يستوجب قانوناً عدم استخدامه شاهداً أو خبيراً أو مترجماً وكذلك من كان من الواجب إنذاره بأن له الحق في الامتناع عن الإدلاء بالشهادة أو الرأي أو الترجمة. وكذلك يعفي من العقاب في الحالة المنصوص عليها في الفقرة الأخيرة من المادة 258.
2,3,1,269,رشوة الشاهد أو الخبير,كل من قدم عطية نقدية أو قدم أي منفعة أخرى أو وعداً بها إلى شاهد أو خبير أو مترجم ولو كان ذلك قبل اتخاذه تلك الصفة، لحمله على شهادة زور أو الإدلاء برأي غير صحيح أو القيام بترجمة كاذبة ولم تقبل العطية أو المنفعة أو الوعد يعاقب بالعقوبات المنصوص عليها في المادتين 266 و 267 مع خفضها بمقدار يتراوح بين النصف والثلثين. ويطبق نفس الحكم إذا قبلت العطية أو الوعد دون حصول الكذب أو الزور.
2,3,1,270,تسهيل الفرار من العدالة,كل من ساعد بعد وقوع جناية أو جنحة شخصاً يشتبه في أنه الفاعل أو ساعد شخصاً مقبوضاً عليه أو فاراً من السجن على الاختفاء من تعقب السلطات أو ضلل التحقيقات الجارية في شأنه بإيوائه أو بإعدام أدلة الجريمة او إخفائها أو بالإدلاء بمعلومات كاذبة أو بأية طريقة أخرى يعاقب بالعقوبات الآتية: إذا كانت الجريمة التي وقعت أو قبض عليه فيها أو وضع في السجن من أجلها يعاقب عليها بالإعدام أو بالسجن المؤبد تكون العقوبة الحبس. وإذا كانت تلك الجريمة يعاقب عليها بالسجن تكون العقوبة الحبس مدة لا تتجاوز سنتين. وفي الأحوال الأخرى تكون العقوبة الحبس مدة لا تزيد على سنة، على أن لا تتجاوز العقوبة الحد الأقصى للجريمة نفسها. وتطبق أحكام هذه المادة ولو لم يكن الشخص المساعد مسئولاً أو ثبت عدم إقترافه للجريمــة. ولا تطبق العقوبة إذا ارتكب الفعل لمساعدة أحد ذوي القربى.
2,3,1,272,تسهيل المخالفات,إذا ارتكبت الأفعال المنصوص عليها في المادة السابقة في شأن مخالفات يعاقب الجاني بغرامة لا تزيد على جنيهين.
2,3,1,273,إهانة أسرة القضاء,يعاقب بالحبس مدة لا تجاوز ستة أشهر وبغرامة لا تزيد على خمسين جنيهاً أو بإحدى هاتين العقوبتين كل من أخل بمقام أحد رجال القضاء أو هيبته أو سلطته علانية في صدد دعوى. ولا تخل أحكام هذه المادة بالأحوال الخاصة بإهانة رجال القضاء في الجلسة.
2,3,1,274,التأثير في سير الدعوى,يعاقب بالعقوبات المقررة في المادة السابقة كل من صدرت عنه علانية أفعال أو نشر محررات أو مطبوعات من شأنها التأثير في القضاة الذين يناط بهم الفصل في دعوى مطروحة أمام أية جهة من جهات القضاء في البلاد أو في رجال القضاء أو النيابة أو غيرهم من الموظفين المكلفين بتحقيق أو التأثير في الشهود الذين قد يطلبون لأداء الشهادة في تلك الدعوى أو في ذلك التحقيق أو أموراً من شأنها منع شخص من الإفضاء بمعلومات لأولى الأمر أو التأثير في الرأي العام لمصلحة طرف الدعوى أو التحقيق أو ضده. فإذا كان الفعل بقصد إحداث التأثير المذكور يعاقب بالحبس مدة لا تجاوز سنة وبغرامة لا تقل عن عشرين جنيهاً ولا تزيد على مائة جنيه أو بإحدى هاتين العقوبتين.
2,3,1,275,خيانة أمانة التوكيل والمشورة الفنية,يعاقب بالحبس من ستة أشهر إلى ثلاث سنين وبغرامة تتراوح بين عشرين ومائة جنيه كل محام أو وكيل قضائي أو مستشار فني لا يخلص في القيام بواجبات مهنته إضراراً بمصالح الفريق الذي يدافع عنه أو يساعده أو يمثله أمام القضاء، أو قدم خدماته لكلا الطرفين المتخاصمين في القضية ذاتها وفي الوقت نفسه ولو تم ذلك عن طريق شخص آخر. وتزاد العقوبة بمقدار لا يجاوز الثلث إذا ارتكب الفعل إضراراً بمتهم، وتضاعف إذا ارتكبت إضراراً بمتهم بجناية يعاقب عليها القانون بالإعدام أو السجن المؤبد أو السجن لمدة تزيد على خمس سنوات. ويعاقب بالحبس لمدة لا تزيد على سنة أو بالغرامة التي لا تجاوز خمسين جنيهاً كل محام أو وكيل قضائي أو مستشار يتولى الدفاع في القضية نفسها أو تقديم النصح للطرف الثاني دون موافقة الطرف الأول بعد دفاعه أو مساعدته أو تمثيله للطرف الأول.
2,3,1,276,إدعاء الوكيل القضائي بالنفوذ,يعاقب بالحبس مدة لا تقل عن ستة أشهر وبغرامة لا تقل عن خمسين جنيهاً ولا تزيد على مائتي جنيه كل محام أو وكيل قضائي يزعم كذباً أن له نفوذاً لدى القاضي أو عضو النيابة، أو الشهود أو الخبير أو المترجم ويأخذ بناء على ذلك من موكله لنفسه أو لغيره مالاً أو منفعة أخرى أو وعداً بذلك في سبيل ما ادعاه من الحصول على مساعدة أحد المذكورين وكذلك إذا إدعى بلزوم مكافآتهم.
2,3,2,277,الهرب,كل من قبض عليه قانوناً فهرب يعاقب بالحبس مدة لا تزيد على ستة شهور أو بغرامة لا تجاوز عشرين جنيهاً. فإذا كان صادراً ضد المتهم أمر بالقبض عليه أو كان محكوماً عليه بالحبس أو بعقوبة أشد يعاقب بالحبس مدة لا تزيد على سنتين أو بغرامة لا تجاوز مائة جنيه. وتتعدد العقوبات إذا كان الهرب في إحدى الحالتين السابقتين مصحوباً بالقوة أو بجريمة أخرى.
2,3,2,278,خطأ الحارس,كل من كان مكلفاً بحراسة مقبوض عليه أو بمرافقته أو بنقله وهرب بإهمال منه يعاقب بالحبس مدة لا تزيد على سنتين أو بغرامة لا تجاوز خمسين جنيهاً إذا كان المقبوض عليه الذي هرب محكوماً عليه بعقوبة جناية أو متهماً في جناية. وأما في الأحوال الأخرى فتكون العقوبة الحبس مدة لا تزيد على ستة شهور أو غرامة لا تجاوز عشرين جنيهاً. ولا يعاقب الحارس المخطئ إذا مكن من القبض على الهارب أو جعله يسلم نفسه إلى السلطة خلال ثلاثة أشهر من الهرب.
2,3,2,279,مساعدة الحارس للمقبوض عليه على الهرب أو تسهيله له,كل من كان مكلفاً بحراسة مقبوض عليه أو بمرافقته أو بنقله وساعده على الهرب أو سهله له أو تغافل عنه يعاقب بالحبس مدة لا تقل عن ستة أشهر. وإذا كان المقبوض عليه محكوماً عليه بالإعدام أو السجن المؤبد أو كان متهماً بجناية معاقب عليها بإحدى العقوبتين كانت العقوبة السجن مدة لا تزيد على سبع سنوات.
2,3,2,280,مساعدة الآخرين للمقبوض عليه على الهرب أو تسهيله له,كل من مكن مقبوضاً عليه من الهرب أو ساعده عليه أو سهله له في غير الأحوال السالفة يعاقب طبقاً للأحكام الآتية: إذا كان المقبوض عليه محكوماً عليه بالإعدام أو السجن المؤبد أو كان متهماً في جناية معاقب عليها بإحدى هاتين العقوبتين تكون العقوبة السجن مدة لا تزيد على خمس سنوات. وأما في الأحوال الأخرى فتكون العقوبة الحبس.
2,3,2,281,تمرد المقبوض عليهم والمساجين,إذا تمرد علانية عشرة أو أكثر من المسجونين أو المقبوض عليهم قانوناً مجتمعين أو استعملوا العنف أو حرضوا المقبوض عليهم أو المسجونين الآخرين على التمرد أو إثارة الفتنة بأي وجه عوقبوا بالحبس مدة لا تقل عن سنة إذا رفضوا أو امتنعوا عن إطاعة الإنذار لهم بالعودة إلى النظام. وتزاد العقوبة بما لا يجاوز النصف إذا استغلت لارتكاب الفعل ظروف الزمان أو المكان أو الظروف الشخصية بحيث تعرقل المحافظة على النظام أو يحال دونها. وتكون العقوبة السجن مدة لا تزيد على خمس سنوات بالنسبة لمن تزعم التمرد أو نظمه أو رأسه.
2,3,2,282,الإخلال بالعقوبات التبعية,كل من صدر ضده حكم ترتبت عليه إحدى العقوبات التبعية المنصوص عليها في المواد 33و 35و 37 من هذا القانون وشغل وظيفة أو مارس سلطة أو صلاحية حرمت عليه قانوناً نتيجة للحكم يعاقب بالحبس مدة لا تزيد على سنة أو بغرامة لا تزيد على خمسين جنيهاً.
2,3,2,283,تهيئة التملص من التدابير الوقائية المقيدة للحرية وتسهيله,يعاقب بالسجن مدة لا تزيد على سنتين كل من مكن من الهرب شخصاً محكوماً عليه بأحد التدابير الوقائية المقيدة للحرية أو سهل له ذلك أو أخفاه بأية طريقة أو ساعده على التخلص من قبضة السلطات القائمة بالبحث عنه. وإذا حصل الفرار نتيجة خطأ من كانت له حراسة المحكوم عليه ولو مؤقتاً بحكم وظيفته يعاقب المخطئ بغرامة لا تزيد على خمسين جنيهاً. وإذا كان الغرض من الفعل هو الكسب جاز للقاضي أن يضيف إلى العقوبة غرامة لا تجاوز مائة جنيه.
2,3,2,284,إذاعة معلومات تتعلق بإجراء جنائي سري,يعاقب بالحبس مـدة لا تزيـد على سنة وبغرامة تتراوح بين عشرين ومائة جنيه أو بإحدى هاتين العقوبتين كل من أذاع بطريقة الصحافة أو بأي طريق آخر من طرق العلانية بياناً عن قضية جنائية نظرت سراً أو أذاع محتويات وثائق أو أوراق تتعلق بالتحقيق في قضية يجب أن تبقى سرية قانوناً. ولا يطبق هذا الحكم على الوثائق وحيثيات التحقيق التي أدلى بها فيما بعد في مناقشة علنية وبوجه عام لا يطبق على سائر أوراق الإجراءات الجنائية القضائية بعد انقضاء ثلاثين سنة على الفصل فيها أو قبل ذلك إذا أذن وزير العدل بالنشر صراحة. ولا يعاقب في الأحوال المنصوص عليها في الفقرة الأولى من هذه المادة على مجرد الإعلان عن القضية ولا على نشر الحكم فيها فقط.
2,3,2,285,توسيع تطبيق المادة السابقة,في غير الدعاوى التي ينطبق عليها حكم المادة السابقة يجوز للمحاكم نظراً لنوع وقائع الدعوى، أن تحظر، في سبيل المحافظة على النظام العام أو الآداب، نشر المرافعات القضائية أو الأحكام كلها أو بعضها بأحد طرق العلانية ومن يخالف ذلك يعاقب بالحبس مـدة لا تجاوز سنة وبغرامة لاتقل عن عشرين جنيهاً ولا تزيد على مائة جنيه أو بإحدى هاتين العقوبتين.
2,3,2,286,إفشاء المداولات السرية والنشر الكاذب,يعاقب بالعقوبات المذكورة في المادة السابقة كل من نشر بأي طريقة من طرق العلانية المداولات السرية بالمحاكم أو نشر بغير أمانة وبسوء قصد ما جرى في الجلسات العلنية بالمحاكم.
2,3,3,287,استيفاء الحق بالذات,يعاقب بغرامة لا تجاوز مائة جنيه كل من كان بإمكانه الرجوع إلى السلطة القضائية للحصول على حق مزعوم وانتزع ذلك الحق بيده باستعمال العنف ضد الأشياء. ويعاقب بالحبس مدة لا تزيد على سنة إذا كان الفعل مصحوباً بتهديد الأشخاص أو باستعمال العنف ضدهم. فإذا اقترن العنف أو التهديد على الأشخاص بالعنف ضد الأشياء فتطبق العقوبتان المذكورتان في الفقرتين السابقتين. ولا تقام الدعوى إلا بناء على طلب الطرف المتضرر.
2,3,3,288,ظروف مشددة,في الحالات المذكورة في المادة السابقة تزاد العقوبات بمقدار لا يجاوز الثلث: 1 – إذا ارتكب الفعل بعد اللجوء إلى القضاء وقبل النطق بالحكم. 2 – أو إذا كان استعمال العنف على الأشخاص أو تهديدهم مصحوباً بالسلاح.
2,4,null,289,التعرض لإقامة الشعائر الدينية وإهانة المقدسات,يعاقب بالحبس مدة لا تزيد على سنة أو بغرامة لا تجاوز خمسين جنيهاً كل من شوش على إقامة شعائر دينية تؤدى علانية أو على احتفال ديني خاص بها أو عطلها بالعنف أو التهديد. ويعاقب بالعقوبات ذاتها كل من خرب أو كسر أو أتلف أو دنس مباني معدة لإقامة شعائر دينية أو أشياء أخرى لها حرمة عند أبناء ملة أو فريق من السكان.
2,4,null,290,التعدي على الأديان,يعاقب بالعقوبات المنصوص عليها في المادة السابقة كل من اعتدى بإحدى طرق العلانية على أحد الأديان التي تؤدى شعائرها علناً، ويقع تحت حكم هذه المادة: ولاً: طبع أو نشر كتاب مقدس في نظر أهل دين من الأديان التي تؤدى شعائرها إذا حرف عمداً نص هذا الكتاب تحريفاً يغير معناه. ثانياً: تقليد احتفال ديني أو شعيرة دينية في مجتمع عام بقصد السخرية أو لتسلية الجمهور.
2,4,null,291,إهانة دين الدولة,كل من اعتدى علانية على الدين الإسلامي الذي هو دين الدولة الرسمي بموجب دستور ليبيا أوفاه بألفاظ لا تليق بالذات الإلهية أو الرسول أو الأنبياء يعاقب بالحبس مدة لا تتجاوز السنتين.
2,4,null,292,إهانة الجثث وتدنيس القبور,يعاقب بالحبس مدة لا تزيد على سنة أو بغرامة لا تزيد على خمسين جنيهاً كل من انتهك حرمة القبور أو الجبابين أو دنسها أو أخل بنظام الجنازة.
2,4,null,293,إتلاف الجثث وإعدامها وإختلاسها,يعاقب بالحبس مدة لا تقل عن سنة كل من مثل بجثمان أو أعدمه أو أتلف جزءاً منه أو شتت رفاته.
2,4,null,294,إخفاء الجثث,يعاقب بالحبس كل من أخفى جثة أو جزءاً منها أو أخفى رفاتها أو دفنها بغير إخبار الجهة المختصة وجعل إجراء بحث أو تحقيق بشأنها.
2,4,null,295,تشريح الجثث,يعاقب بالحبس مدة لا تزيد على سنة أو بغرامة لا تزيد على خمسين جنيهاً أو بالعقوبتين معاً كل من أقدم لغرض علمي أو تعليمي في الحالات التي لا يسمح بها القانون على أخذ جثة أو تشريحها أو على استعمالها بأي وجه آخر.
2,5,1,296,القتل جزافاً,يعاقب بالسجن مدة لا تقل عن عشر سنوات كل من قام بقصد القتل بأفعال من شأنها تعريض السلامة العامة للخطر دون حالة الاعتداء على سلامة الدولة. وإذا نتج عن الفعل موت شخص أو أكثر كانت العقوبة الإعدام. وإذا نتج عن الفعل أذى لشخص أو أكثر تطبق الأحكام الخاصة بتعدد الجرائم.
2,5,1,297,الحريق,كل من وضع النار عمداً في ملك الغير يعاقب بالسجن مدة لا تزيد عن سبع سنوات. ويعاقب بالسجن مدة لا تجاوز خمس سنين كل من وضع النار في ملكه إذا ترتب على الفعل حرق ملك الغير أو تعريض السلامة العامة للخطر.
2,5,1,298,الكوارث,كل من عرض السلامة العامة للخطر بإحداث فيضان أو غور أو غريق أو إغراق سفينة أو أية عائمة أخرى أو بإسقاط طائرة أو بوقوع حادثة للسكك الحديدية أو انهيار بناء أو حدوث أية كارثة أخرى يعاقب بالسجن من ثلاث سنوات إلى عشر. وفي حالة إحداث غرق أو إغراق سفينة أو إسقاط طائرة أو إيقاع حادثة بالسكك الحديدية تزاد عقوبة السجن إذا اقترن الفعل بتخريب المصابيح أو العلامات الأخرى أو بإزالتها أو إخفائها أو باستعمال علامات مضللة أو أية وسيلة أخرى من وسائل التضليل.
2,5,1,299,الكوارث والأخطار الناجمة عن أحداث ضرر,1 – يعاقب بالحبس مدة لا تقل عن ستة أشهر كل من أضرم النار في ملكه لمجرد الإضرار بملك الغير إذا نتج عن فعله تعريض ملك الغير لخطر حريق أو كارثة. 2 – وتطبق العقوبة ذاتها على كل من أتلف أو أعطب إحدى المنشآت المعدة لجمع المياه أو تصريفها أو ما يقام لدرء خطر المياه وغور الأرض أو صيرها غير صالحة كل ذلك إذا ارتكب الفعل بنية الإضرار وترتب عليه خطر كارثة. 3 – فإذا نجـم عن الفعل المنصوص عليه في إحـدى الفقرتين السـابقتين حريق أو كارثة أخرى كانت العقوبة السجن مدة لا تزيد على سبع سنوات.
2,5,1,300,ظروف مشددة,تزاد العقوبات المقررة في المادتين 297 و 299 بمقدار لا يجاوز النصف إذا ارتكب الفعل على إحدى المباني أو المنشآت الآتية: 1 – المبـاني العمومية أو المعدة للاستعمال العام أو للعبادة أو النصب التذكارية أو المقابر أو ملحقاتها أو الغابات أو الأحراش. 2 – الأبنية المسكونة أو المعدة للسكنى أو المعامل أو ساحات العمل أو المحـاجر أو المناجم أو الترع أو منشآت توزيع المياه أو ما إلى ذلك مما يعد لجمع المياه، أو تصريفها. 3 – السفن أو العائمات الأخرى أو الطائرات. 4 – محطات السكك الحديدية أو مواني السفن أو مهابط الطائرات أو المخازن العامة مستودعات البضائع أو الغلال أو أكـوام أو مستودعات المفرقعات أو المواد المحرقة أو الوقود.
2,5,1,301,الاعتداء على السلامة العامة,مع مراعاة أحكام المواد السابقة يعاقب بالسجن من سنة إلى خمس سنوات كل من عرض للخطر سلامة وسائل النقل العـامة أو أربك المواصلات أو سبب انقطـاعها أو عرقلها أو ارتكب فعلاً ضد صيـانة المنشآت أو الوسـائل الأخـرى المعدة للإنتاج أو توزيع الطاقة الكهربائية أو غاز الإنارة أو الصناعة، إذا نجم عن الفعل خطر على السلامة العامة. وتطبق العقوبة ذاتها على من قام بعمل يرمي لهدم بناء أو جزء منه أو لوقوع كارثة أخرى إذا نجم عن الفعل خطر على السلامة العامة. يعاقب بالحبس مدة لا تجاوز سنتين كل من ألقى أجساماً صلبة أو قذائف على مركبات معدة للنقل العام في أثناء سيرها. وفي القانون الجنائي تشمل عبارة (( وسائل النقل )) الوسائل البرية والبحرية والجوية، كما تشمل لفظة (( مواصلات )) التليفون والبرق واللاسلكي والتلفزيون والرادار.
2,5,1,302,عدم تمكين الدفاع عن السلامة العامة,يعاقب بالسجن من ثـلاث سنوات إلى سبـع سنوات كل من اختلس أو أخفى أو أتلف، عند حدوث حريق أو كارثة، وسائل معدة لإطفاء الحريق أو وسيلة من وسائل الوقاية ضد الكوارث أو الإنقاد أو النجدة. وتطبق العقوبة ذاتها على كل من عطل أو حال بأية طريقة كانت دون إطفاء الحرائق أو تقديم المساعدة أو الوقاية.
2,5,1,303,إزالة الوسائل المعدة للوقاية ضد إصابات العمل,يعاقب بالحبس مدة لا تقل عن ستة أشهر كل من قصر عمداً في وضع الوسائل أو الأجهزة أو العلامات المعدة للحيلولة دون وقوع كوارث العمل أو إصاباته، ويعاقب بالعقوبة ذاتها كل من أزال تلك الوسائل أو الأجهزة أو العلامات أو أتلفها. وإذا نجم عن الفعل كارثة أو إصابة كانت العقوبة السجن مدة لا تجاوز خمس سنوات.
2,5,1,304,نقل المفرقعات وما يشبهها خلسة,يعاقب بالحبس وبالغرامة التي لا تزيد على مائة جنيه أو بإحدى هاتين العقوبتين كل من نقل مفرقعات أو مواد قابلة للإلتهاب في قطارات السكك الحديدية أو مركبات أخرى معدة لنقل الركاب مخالفاً في ذلك اللوائح الخاصة بالنقل. ويعاقب بنفس العقوبة الموظف المختص الذي أعطى الإذن مخالفاً اللوائح.
2,5,2,305,الوباء,كل من سبب وقوع وباء بنشر الجراثيم الضارة يعاقب بالسجن مدة لا تقل عن عشر سنوات. وإذا نتج عن الفعل موت شخص واحد تكون العقوبة السجن المؤبد، أما إذا مات أكثر من شخص فالعقوبة الإعدام.
2,5,2,306,تسميم المياه أو المواد الغذائية,يعاقب بالسجن مدة لا تقل عن خمس سنوات كل من سمم مياهاً أو مواد غذائية قبل توزيعها أو بلوغها المستهلك. وإذا نجم عن الفعل موت شخص واحد تكون العقوبة السجن المؤبد وإذا مات أكثر من شخص واحد فالعقوبة الإعدام.
2,5,2,307,غش المستهلكات وتقليدها,يعاقب بالحبس مدة لا تزيد على سنتين كل من أفسد أو غش أو قلد مياهاً أو مواد غذائية أو غيرها مما هو معد للاستهلاك العام قبل سحبها أو توزيعها أو الإتجار بها فصيرها خطرة على الصحة العامة. وتكون العقوبة الحبس إذا وقع الغش أو التقليد على مواد طبية.
2,5,2,308,الإتجار بالمواد المسممة أو المغشوشة أو المقلدة,يعاقب بالعقوبات المنصوص عليها في المادتين 306 و 307 كـل من حاز للتجارة أو عرض للبيع أو وزع للاستهـلاك مياهاً أو مواد أو أشياء أخـرى كان قد سممها أو غشها أو قلدها غيره بحيث أصبحت خطرة على الصحة العامة مع علمه بذلك وذلك إذا لم يكن شريكاً في الجرائم المنصوص عليها في المادتين المذكورتين.
2,5,2,309,الإتجار بأغذية أو أدوية فاسدة,يعاقب بالحبس مدة لا تزيد على سنتين كل من حاز للتجارة أو عرض للبيع أو وزع للاستهلاك أو أعطى مـواد غذائية خطرة على الصحة العامة دون أن تكـون مقلدة أو مغشوشة مع علمه بذلك. وتكون العقوبة الحبس إذا كان محل الجريمة أدوية فاسدة أو معيبة.
2,5,2,310,إعطاء أدوية بطريقة خطرة على السلامة العامة,يعـاقب بالحبس كل متجر بالمـواد الطبية بترخيص أو بدونه إذا أعطـاها بشكل أو وصفة أو كمية لا تتفق مع توصيات الطبيب أو تختلف عن المعلن عنه أو المتفق عليه.
2,5,3,313,الكارثة الناجمة عن خطأ,كل من تسبب خطأ في حريق أو كارثة مما نص عليه في الفصل الأول من هذا الباب يعاقب بالحبس مدة لا تتجاوز سنتين. وتكون العقوبة الحبس إذا كانت الكارثة غرقاً أو لحقت بإحدى وسائل نقل الركاب كالسكك الحديدية والسفن والطائرات.
2,5,3,314,الشروع في إيقاع كارثة عن خطأ,يعاقب بالحبس مدة لا تزيد على سنة كل من تسبب خطأ في وقوع خطر أو كارثة مما نص عليه في الفصل الأول من هذا الباب أو تغاضى عن خطر قائم.
2,5,3,315,التقصير في اتخاذ وسائل الحيطة ضد الكوارث أو إصابات العمل,يعاقب بالحبس مدة لا تجاوز سنة أو بغرامة تتراوح بين ثلاثين ومائة جنيه كل من قصر عن خطأ في وضع أجهزة الإطفاء أو الإنقاد أو النجدة ضد الكوارث أو إصابات العمل أو الوسائل الأخرى المعدة لذلك في موضعها أو أزالها أو صيرها غير صالحة للاستعمال.
2,5,3,316,الجرائم الخطئية ضد الصحة العامة,إذا ارتكبت خطأ إحدى الجرائم المنصوص عليها في المواد من 305 إلى 310 يستبدل بعقوبة الإعدام الحبس لمدة أقصاها خمس سنوات، وبعقوبة السجن المؤبد الحبس، وبعقوبة السجن لمدة أقصاها سنتان، وبعقوبة الحبس الحبس لمدة لا تزيد على سنة أو الغرامة التي لا تجاوز خمسين جنيهاً.
2,6,null,317,التحريض على الإجرام,كل من حرض علانية على ارتكاب جريمة أو أكثر دون أن ينتج عن تحريضه أثر يعاقب بالعقوبات الآتية: 1 – بالحبس إذا كان التحريض على ارتكاب جنايات. 2 – بالحبس مدة لا تزيد على ستة أشهر أو بغرامة تتراوح بين عشرة جنيهات وثلاثين جنيهاً إذا كان التحريض على ارتكاب جنح أو مخالفات. وتكون العقوبة الحبس إذا كان التحريض على ارتكـاب جنحة أو أكثر مع مخالفة أو أكثــر.
2,6,null,318,إثارة الفتنة بين الطوائف,كل من حرض علانية على بغض طائفة أو طوائف من الناس أو الإزدراء بها من شأنه أن يخل بالأمن العام يعاقب بالحبس مدة لا تجاوز سنة وبغرامة تتراوح بين عشرين جنيهاً ومائة جنيه أو بإحدى هاتين العقوبتين.
2,6,null,319,التحريض على عصيان القوانين,يعاقب بالعقوبات المنصوص عليها في المادة السابقة كل من حرض غيره علانية على عصيان القوانين أو زين له أمراً يعد جناية أو جنحة قانوناً.
2,6,null,320,افتتاح تبرعات لمساعدة جان في دفع الغرامات,يعاقب بالحبس مدة لا تجاوز سنة وبغرامة لا تجاوز مائة جنيه أو بإحدى هاتين العقوبتين كل من فتح علانية اكتتاباً أو أعلن عنه بقصد مساعدة الجاني في أداء الغرامات المحكوم بها قضائياً في جناية أو جنحة، وكذلك من أعلن قيامه أو قيام آخر بالمساعدة المشار إليها أو بعضها أو أظهر عزمه على ذلك.
2,6,null,321,عصابات الإجرام,إذا كون ثلاثة أشخاص أو أكثر عصابة لارتكاب عدة جنايات أو جنح عوقب كل مشترك فيها بالسجن لمدة لا تقل عن ثلاث سنوات إذا كان الغرض ارتكاب جنايات، وبالحبس إذا كان الغرض ارتكاب جنح. ويعاقب من رأس العصابة أو شكلها أو نظمها بالسجن مدة لا تقل عن ثلاث سنوات إذا كان الغرض ارتكاب جنايات وبالسجن مدة تتراوح بين سنتين وخمس سنوات إذا كان الغرض ارتكاب جنح. وتزاد العقوبة بمقدار لا يجاوز النصف إذا أغار أعضاء العصابة بالسلاح على الأرياف أو الطرق العامة. ويعفى من العقوبة كل من بادر من الأعضاء إلى إبلاغ السلطات العامة عن العصابة وعن شخصية أعضائها الآخرين أو تسبب في حلها على أي وجه قبل اقتراف أية جريمة من الجرائم التي شكلت العصابة من أجلها وقبل الشروع في الإجراءات الجنائية ضدها. ولا يعفى الرؤساء والمؤسسون إلا إذا تسببوا في حلها.
2,6,null,322,مساعدة أفراد العصابات,كل من آوى أو مون أحد المشتركين في عصابة إجرام يعاقب بالحبس مدة لا تزيد على سنتين إذا لم يكن قد اشترك في الجريمة أو سهلها. ولا عقاب على من قام بتلك الأفعال في صالح أحد ذوي قرباه.
2,6,null,323,أعمال التخريب والنهب,كل من ارتكب فعلاً من أفعال التخريب أو السلب أو النهب يعاقب بالسجن إذا وقع الفعل لغرض غير الاعتداء على سلامة الدولة. وتكون العقوبة السجن مدة لا تقل عن خمس سنوات إذا وقع الفعل على أسلحة أو ذخائر أو مؤن موجودة في مكان بيع أو ايداع.
2,6,null,324,إدخال الرعب في قلوب الناس,كل من هـدد بارتكاب جرائم ضد السـلامة العامة أو بارتكاب أفعـال التخريب أو السلب أو النهب وأدخل الرعب في قلوب الناس يعاقب بالحبس مدة لا تزيد على سنتين.
2,6,null,325,إدخال الرعب في قلوب الناس باستعمال المفرقعات,كل من فجر قنابل أو مواد مفرقعة أو أجهزة من هذا القبيل لإدخال الرعب في قلوب الناس أو لإثارة الإضطراب أو الفوضى يعاقب بالحبس إذا لم يكوِّن فعل جريمة أخطر.
2,7,1,326,تزييف النقود وإدخال النقد المزيف وصرفه,يعاقب بالسجن مدة لا تجاوز خمس عشرة سنة وبغرامة لا تجاوز ألف جنيه كل من قلد النقود الوطنية أو الأجنبية المتداولة قانوناً أو عرفاً في البلاد أو غير النقود الصحيحة بأي وجه بأن زاد من قيمتها الظاهرية أو أنقص من قيمتها الجوهرية أو أدخل إلى ليبيا نقداً مزيفاً بإحدى الطرق المذكورة أو صرفه فيها أو عمل على تداوله. ويعد في حكم النقد في القانون الجنائي أوراق العملة المتداولة والسندات العامة المعتمدة لحاملها وقصاصاتها والأوراق المالية المتداولة قانوناً أو عرفاً باعتبارها نقدا، والصادرة عن مؤسسات مخول لها إصدارها.
2,7,1,327,صرف النقد المزيف المستلم بنية حسنة,من تسلم بحسن نية نقداً مقلداً أو مزيفاً وصرفه أو تعامل به بعد علمه بعيبه يعاقب بالحبس مدة لا تزيد على ستة أشهر أو بغرامة لا تزيد على ستة أمثال النقد الذي صرفه أو تعامل به.
2,7,1,328,تزييف الطوابع وتداولها,تطبق أحكام المادتـين السابقتـين على الطوابع إذا ارتكب بشأنها الأفعال المنصوص عليها في المادتـين المذكورتين على أن تخفض العقوبة بمقدار النصف. ويعد من الطوابع في القانون الجنائي الأوراق التي تحمل دمغة رسمية وطوابع الدمغة وطوابع البريد وغير ذلك مما أعطاه القانون قوة مماثلة.
2,7,1,329,تقليد العلامات الشفافة في الأوراق الرسمية و صنع معدات التزييف و اقتناؤها أو حيازتها,يعاقب بالسجن مدة لا تقل عن ثلاث سنوات و بالغرامة مابين خمسين و مائة و خمسين جنيهاً، إذا لم يكون الفعل جريمة أخطر،كل من قلد العلامات الشفافة المستعملة في صنع أوراق السندات العامة أو الطوابع أو حصل على مثل هذا الورق المقلد أو حازه أو تصرف فيه. وتطبق العقوبة ذاتها على كل من صنع المعدات التي تستعمل فقط لتقليد النقود أوتزوير الطوابع أو الأوراق التي تتخللها العلامات الشفافة أو حازها أو حصل عليها أو تصرف فيها.
2,7,1,330,تزوير الشارات الخاصة بالخدمات العامة,كل من زور أو زيف تذاكر أو بطاقات أو شارات خاصة تسمح لحاملها بالعمل في إحدى الخدمات العامة أو الاستفادة بالخدمات التي تعد من مرافق النقل العام أو غيرها من المرافق العامة يعاقب بالحبس مدة لاتزيد على سنتين و بغرامة تتراوح بين عشرين جنيهاً و مائة جنيه.
2,7,1,331,استعمال الشارات المزيفة المتعلقة بإحدى الخدمات العامة,يعاقب بالحبس مدة لا تزيد على أربعة أشهر أو بغرامة تتراوح بين خمسة جنيهات وعشرين جنيهاً كل من استعمل التذاكر أو البطاقات أو الشارات الخاصة المذكورة في المادة السابقة مع علمه بذلك دون أن يشترك في تزويرها أو تزييفها. وإذا كان من استعمل التذاكر أو البطاقات أو الشارات المذكورة قد حصل عليها بحسن نية كانت العقوبة غرامة لا تزيد على عشرة جنيهات.
2,7,1,332,تزييف أو شطب التأشيرات الموضوعة على الطوابع أو التذاكر بقصد إعادة استعمالها,كل من شطب بأي شكل أو أزال الأمارات الموضوعة على الطوابع أو الشارات المذكورة في المادة 330 للدلالة على سبق استعمالها عوقب بالحبس مدة لا تزيد على ستة أشهر أو بغرامة تتراوح بين عشرة جنيهات وثلاثين جنيهاً وذلك إذا استعملها أو ترك غيره يستعملها. وتطبق العقوبة ذاتها على كل من استعمل الطوابع أو الشارات المزيفة دون أن يشترك في تزييفها. وإذا استلمت هذه الأشياء بحسن نية واستعملت عمداً تكون العقوبة غرامة لا تزيد على عشرة جنيهات.
2,7,1,333,الإعفاء من العقوبة,لا يعاقب من ارتكب أحد الأفعال المذكورة في المواد السابقة إذا حال، قبل علم السلطات، دون تقليد الأشياء المذكورة في تلك المواد أو دون تزييفها أو صنعها أو تداولها.
2,7,2,334,تقليد الأختام العامة والأدوات المستعملة في التصديق,كل من قلد أو غير خاتم الدولة أو الولاية المعد لختم أوراق الحكومة أو قلد أو غير الأختام والعلامات الرسمية التي تستعملها المؤسسات أو المصالح العامة للتصديق أو لإثبات الصفـة الرسمية أو استعمل تلك الأختام أو العلامات المقلدة أو المغيرة دون أن يشترك في تقليدها أو تغييرها مع علمه بذلك يعاقب بالسجن مدة لا تزيد على ست سنوات إذا تناول فعله خاتم الدولة أو الولاية وفي الحالات الأخرى تكون العقوبة السجن مدة لا تجاوز خمس سنوات.
2,7,2,335,استعمال الأختام والعلامات العامة دون حق,يعاقب بالحبس كل من حصل بغير حق على الأختام والمياسم الصحيحة التي تستعملها الدولة أو الإدارة أو السلطات العامة لإثبات الصفة الرسمية أو استعملها إضراراً بالغير أو لمصلحته أو لمصلحة غيره.
2,7,2,336,الحالات الأخرى لتزييف الأختام أو المياسم واستعمالها,يعاقب بالحبس كل من قلد أختاماً أو دمغات أو علامات لأية سلطة كانت عدا ماذكر في المادة السابقة أو أية شركة مأذونة من قبل الحكومة أو إحدى البيوت التجارية وكذلك من استعمل شيئاً من الأشياء المذكورة مع علمه بتقليدها.
2,7,2,337,استعمال أختام الشركات أو البيوت التجارية دون حق,يعاقب بالحبس مدة لا تزيد على سنتين كل من حصل بغير حق على الأختام أو التمغات أو العلامات الصحيحة التي تخص السلطات أو الشركات أو البيوت التجارية المذكورة في المادة السابقة واستعملها استعمالاً مضراً بمصالح أربابها الشرعيين.
2,7,2,338,تقليد العلامات الفارقة وبراءات الاختراع,كل من قلد أو زور العلامات أو الأمارات المميزة لإنتاج فكري أو منتجات صناعية وطنية كانت أو أجنبية يعاقب بالحبس وبالغرامة التي تتراوح بين عشرة جنيهات وعشرين جنيهاً. تنزل العقوبة ذاتها بكل من قلد أو زور براءات الاختراع أو الرسوم أو النماذج الصناعية وطنية كانت أو أجنبية. لا تطبق الأحكام السابقة إلا مع مراعاة القوانين المحلية والاتفاقات الدولية المتعلقة بحماية الملكية الفنية أو الصناعية.
2,7,2,339,استعمال العلامات وبراءات الاختراع المزورة أو السلع التي تحمل هذه العلامات,يعاقب بالحبس مدة لا تزيد عن سنتين وبغرامة لا تزيد على مائة جنيه كل من استعمل ما قلد أو زور من العلامات أو الأمارات المميزة لإنتاج فكري أو منتجات صناعية وطنية كانت أو أجنبية دون أن يشترك في تقليدها أو تزويرها. وتطبق العقوبة ذاتها على من أدخل إلى البلاد تلك العلامات أو الأمارات المقلدة أو المزورة بقصد الإتجار بها أو استلمها للبيع أو عرضها للغرض ذاته أو عمل بأي شكل آخر على تداول النتاج الفكري أو الصناعي وهو يحمل تلك العلامات أو الأمارات المقلدة أو المزورة. وتطبق العقوبة ذاتها على من استعمل البراءات أو الرسوم أو النماذج الصناعية المقلدة أو المزورة وطنية كانت أو أجنبية. وتراعى بخصوص هذه المادة أحكام الفقرة الثالثة من المادة السابقة.
2,7,2,340,عقوبة تبعية,يجب نشر الحكم الصادر بالإدانة في الجنح المنصوص عليها في المادتين السابقتين.
2,7,3,341,تزوير الموظف العمومي للأوراق العامة,يعاقب بالسجن مدة لا تقل عن ثلاث سنوات كل موظف عمومي يضع أثناء ممارسته لمهامه وثيقة مزورة في كليتها أو جزء منها أو يزور وثيقة صحيحة.
2,7,3,342,تزوير الموظف العمومي لفحوى الوثائق العمومية,يعاقب بالعقوبة المنصوص عليها في المادة السابقة كل موظف عمومي يقرر كذباً صحة وثيقة مما يدخل تسليمه أو تحريره أو مراقبته ضمن اختصاصه، أو يثبت بيانات لم يدل إليه بها أو أغفل ذكر بيانات أدلى بها إليه أو يحرفها أو يقرر كذباً بأي وجه من الوجوه وقائع تعتمد الوثيقة على صحتها.
2,7,3,343,تزوير شهادات القائمين بالخدمات العامة الضرورية,يعاقب بالحبس مدة لا تزيد على سنة أو بغرامة لا تجاوز مائة جنيه كل من حرر شهادة وصرح فيها كذباً بوقائع تعتمد الوثيقة عليها في صحتها أثناء ممارسته لمهنة طبية أو قانونية أو لإحدى الخدمات العمومية الضرورية. وإذا ارتكب الفعل بقصد الكسب غير المشروع كانت العقوبة الحبس والغرامة معاً. وتطبق العقوبة ذاتها على كل من حمل أحد الأشخاص المذكورين على التزوير أو استعمل الشهادة المزورة مع علمه بأنها كاذبة.
2,7,3,344,تزوير الشخص العادي للشهادة العمومية,إذا ارتكب الفعل المنصوص عليه قي المادة 341 أحد الأفراد العاديين أو الموظف العمومي خارج مهامه الرسمية، يعاقب بالسجن مدة لا تزيد على خمس سنوات.
2,7,3,345,الإدلاء ببيانات كاذبة في الوثائق العمومية,يعاقب بالحبس مدة لا تجاوز سنتين كل من أدلى لموظف عمومي ببيانات كاذبة بخصوص إجراء عمومي يعتمد على صحة تلك البيانات. ولا تقل العقوبة على ثلاثة أشهر إذا تعلق الكذب بالبيانات الشخصية.
2,7,3,346,تزوير الأوراق العرفية,كل من حرر ورقة عرفية مزورة كلياً أو جزئياً أو حرف ورقة عرفية صحيحة أو سمح بتحريرها مزورة أو بتحريفها وكان قصده تحقيق منفعة لنفسه أو للغير أو إلحاق ضرر بآخرين، يعاقب بالحبس مدة لا تقل عن ستة أشهر إذا استعملها هو أو سمح للغير باستعمالها. وتعد في حكم التحريف أيضاً الإضافات المزورة على ورقة عرفية صحيحة بعد تحريرها نهائياً.
2,7,3,347,استعمال الوثائق المزورة,يعاقب بالسجن مدة لا تجاوز خمس سنوات كل من استعمل وثيقة رسمية مزورة دون أن يشترك في تزويرها مع علمه بذلك. وتطبق عقوبة الحبس على كل من استعمل وثيقة عرفية مزورة مع علمه بذلك دون أن يشترك في تزويرها إذا كان القصد من استعمالها تحقيق منفعة لنفسه أو للغير أو إلحاق ضرر بآخرين.
2,7,3,348,إهلاك الوثائق الصحيحة أو إتلافها أو إخفاؤها,كل من أعدم أو أتلف أو أخفى وثيقة صحيحة رسمية يعاقب بالسجن الذي لا تزيد مدته على خمس سنوات. وتكون العقوبة الحبس إذا تعلق الفعل بأوراق عرفية وتوفر الغرض المبين في المادة السـابقـة.
2,7,3,349,تزوير السجلات والتبليغات,كل من كان ملزماً قانوناً بمسك سجلات خاضعة لتفتيش سلطات الأمن العام أو كان ملزماً بتقديم بيانات لتلك السلطات عن نشاطه الصناعي أو التجاري أو المهني وأثبت في السجلات أو البيانات أقوالاً كاذبة أو سمح بإثبات تلك الأقوال الكاذبة يعاقب بالحبس مدة لا تزيد على ستة أشهر أو بغرامة لا تجاوز مائة جنيه.
2,7,3,350,تزوير جوازات السفر,يعاقب بالسجن مدة لا تتجاوز خمس سنوات كل من زور جواز سفر أو تذكرة مرور أو إذناً بالمرور وما إليها أو استعمل شيئاً من ذلك دون أن يشترك في تزويره مع علمه بذلك. وإذا كان المزور موظفاً عمومياً طبقت في شأنه الأحكام الخاصة بالموظفين العمومين.
2,7,3,351,تزوير الأوراق العرفية الموقعة على بياض,كل من ائتمن على ورقة موقعة على بياض فأساء استعمالها بأن كتب عليها أو سمح بأن تكتب عليها وثيقة عرفية منشئة لآثار قانونية تختلف عما كان ملزماً بتعبئته أو مأذوناً له في كتابته، يعاقب بالحبس من ستة أشهر إلى ثلاث سنين إذا استعملها هو أو سمح للغير باستعمالها وكان غرضه من ذلك تحقيق منفعة لنفسه أو للغير أو إلحاق ضرر بآخرين. وتعد موقعة على بياض كل ورقة يترك فيها صاحب التوقيع فراغاً يراد ملؤه.
2,7,3,352,تزوير الأوراق الرسمية الموقعة على بياض,تنزل العقوبة المقررة في المادة 341 بالموظف العمومي الذي في حيازته بحكم وظيفته ورقة ممضاة على بياض، وكان مفروضاً عليه أو جائزاً له تعبئتها، فأساء استعمالها بأن كتب عليها ورقة رسمية تخالف ما كان مفروضاً عليه أو جائزاً له كتابته، أو سمح بذلك.
2,7,3,353,حالات التزوير الأخرى في الأوراق الموقعة على بياض,تطبق بشأن تزوير الأوراق الموقعة على بياض في الحالات التي لم ينص عليها في المادتين السابقتين الأحكام الخاصة بالتزوير المادي في الأوراق الرسمية أو الأوراق العرفية.
2,7,4,354,انتحال الألقاب والرتب,كل من لبس علانية دون حق كسوة أو شارة مميزة لرتبة أو وظيفة عمومية أو هيئة سياسية أو إدارية أو قضائية أو للدلالة على مهنة تتطلب مزاولتها إذناً خاصاً من الدولة أو لبس علانية وبدون حق أزياء رجال الدين، يعاقب بالحبس مدة لا تجاوز سنتين أو بغرامة لا تزيد على خمسين جنيهاً. وتطبق العقوبة ذاتها على من ينتحل مكانة أو درجة علمية أو لقباً أو وساماً من ألقاب الشرف أو أوسمته أو شارة من شاراته أو صفة من الصفات الملازمة لإحدى المناصب أو الوظائف أو المهن المذكورة في الفقرة السابقة. وتطبق العقوبة ذاتها أيضاً على كل من تقلد علانية بغير تخويل قانوني وساماً أجنبياً أو انتحل لنفسه لقب شرف أجنبي أو رتبة أجنبية. وتقتضي الإدانة نشر الحكم.
2,7,4,355,انتحال الشخصية,يعاقب بالحبس مدة لا تجاوز سنة كل من ضلل الغير بانتحال شخصية أخرى لتحقيق منفعة لنفسه أو للغير أو لإلحاق ضرر بآخرين، أو انتحل لنفسه أو لغيره اسماً مزوراً أو صفة كاذبة أو انتحل صفة تترتب عليها آثار قانونية، كل هذا ما لم يكون الفعل جريمة أشد ضد الثقة العامة.
2,7,4,356,البيانات الكاذبة عن الهوية أمام موظف عمومي,يعاقب بالحبس كل من قرر أو أدلى بصدد إجراء عمومي أمام موظف عمومي ببيانات كاذبة عن هويته أو أحواله أو صفاته الشخصية أو هوية غيره أو أحواله أو صفاته الشخصية. وتطبق العقوبة ذاتها على كل من يرتكب الفعل بالإدلاء ببيان يراد إثباته في ورقة رسمية. ويجب أن لا تقل العقوبة عن سنة في الأحوال التالية: 1 – إذا تعلقت البيانات بإجراءات الأحوال الشخصية. 2 – إذا أدلى متهم بتلك البيانات الكاذبة أمام السلطات القضائية أو إذا نجم عن البيانات الكاذبة تسجيل حكم جنائي باسم مزور في سجل السوابق الجنائية.
2,7,4,357,البيانات الكاذبة عن الهوية أو الصفات الشخصية عند الاستجواب,مع مراعاة أحكام المواد السابقة يعاقب بالحبس مدة لا تزيد على سنة أو بغرامة لا تجاوز خمسين جنيهاً كل من أدلى لموظف عمومي ببيانات كاذبة عن هويته أو أحواله الشخصية أو صفاته أو عن هوية غيره أو أحواله الشخصية أو صفاته إذا استجوب عنها وكان الاستجواب أثناء قيام الموظف العمومي بمهام عمله.
2,8,1,358,التلاعب بالأسعار,يعاقب بالسجن مدة لا تزيد على ست سنوات كل من نشر أو أذاع أخباراً كاذبة من شأنها إثارة الاضطراب في الأسواق المحلية، أو بالغ فيها أو لجأ لطرق مختلفة أخرى تؤدي إلى ارتفاع أو هبوط أسعار البضائع أو العقارات أو الأوراق أو السندات المالية المتداولة في الأسواق وكان غرضه من ذلك إحداث اضطراب في سير المعاملات التجارية والمالية في الأسواق المحلية. وتضاعف العقوبة إذا ارتكب الفعل وطني لخدمة مصالح أجنبية ونجم عن العمل نقصان في قيمة النقد الوطني أو في قيمة السندات العامة أو إذا ترتب على الفعل ارتفاع في سعر البضائع ذات الاستهلاك العام أو التي تستهلك على نطاق واسع.
2,8,1,359,الاعتداء على حرية العمل,يعاقب بالحبس مدة لا تقل عن سنة وبغرامة لا تقل عن مائة دينار ولا تجاوز خمسمائة دينار أو بإحدى هاتين العقوبتين، كل من استعمل القوة أو العنف أو الإرهاب أو التهديد أو التدابير غير المشروعة بقصد إرغام الغير على الامتناع عن العمل أو إرغام رب العمل على استخدام شخص ما أو منعه من ذلك، وتطبق العقوبة ذاتها إذا كان القصد منع أي شخص من الاشتراك في أية نقابة. ويطبق حكم هذه المادة وإن استعملت القوة أو العنف أو الإرهاب أو التدابير غير المشروعة مع زوج الشخص أو مع أولاده. وتعد من التدابير غير المشروعة الأفعال الآتية على الأخص: أولاً: منع الشخص المقصود من مزاولة عمله بإخفاء أدواته أو ملابسه أو أي شيء آخر مما يستعمله أو بأية طريقة أخرى. ثانياً: تتبعه بطريقة مستمرة في غدوه ورواحه. ثالثاً: الوقوف موقف التهديد بالقرب من منزله أو بالقرب من أي مكان آخر يقطنه أو يشتغل فيه.
2,8,1,360,تعطيل الإنتاج الزراعي أو الصناعي,يعاقب بالسجن من ثلاث سنوات إلى خمس سنوات من كان غرضه الأوحد منع سير العمل العادي أو عرقلته وقام في سبيل ذلك بدخول أو احتلال منشآت زراعية أو صناعية تخص أحد الأشخاص أو تصرف بأي وجه كان وللغرض المذكور بالآلات أو المعدات أو الأدوات أو وسائل النقل المخصصة للزراعة أو الإنتاج الصناعي. وتكون العقوبة السجن مدة لا تجاوز سبع سنوات إذا ترتب على الفعل إلحاق ضرر بالمنشآت الزراعية أو الصناعية أو الأشياء المذكورة في الفقرات السابقة. وتضاعف العقوبة بالنسبة إلى المحرض على تلك الأفعال أو المنظم لها.
2,8,1,361,إعدام المواد الأولية والمنتجات,يعاقب بالسجن وبغرامة لا تقل عن ألف دينار ولا تجاوز ألفي دينار كل من تسبب بإلحاق ضرر جسيم بالإنتاج الوطني أو نقص واضح في البضائع ذات الاستهلاك العام أو التي تستهلك على نطاق واسع بإعدام مواد أولية أو منتجات زراعية أو صناعية. وتكون العقوبة السجن مدة لا تقل عن ست سنوات وغرامة لا تقل عن ألفي دينار ولا تجاوز خمسة آلاف دينار إذا كان الفعل ذا خطورة خاصة.
2,8,1,362,نشر أمراض النبات أو الحيوان,يعاقب بالحبس مدة لا تقل عن خمس سنوات كل من تسبب في انتشار مرض من أمراض النبات أو الحيوان الخطرة على الاقتصاد أو على الثروة الحيوانية الوطنية. إذا ترتب انتشار الآفة على خطأ، كانت العقوبة الحبس أو الغرامة التي تتراوح بين مائة وخمسمائة دينار.
2,8,2,363,التعرض لحرية الصناعة أو التجارة,كل من استعمل العنف ضد الأشياء أو احتال لمنع ممارسة صناعة أو تجارة أو تعرض لذلك يعاقب بالحبس مدة لاتقل عن سنة وبغرامة لاتزيد على ألف دينار أو بإحدى هاتين العقوبتين.
2,8,2,364,الغش في مزاولة التجارة,كل تاجر أو صاحب محل مفتوح للجمهور سلم للمشتري منقولاً ملكاً للغير أو منقولاً يختلف من حيث أصله أو مصدره أو وصفه أو كميته عن ذلك الذي أعلن عنه أو تم الاتفاق عليه، يعاقب بالحبس مدة لاتقل عن ستة أشهر وبغرامة لاتقل عن مائة دينار ولاتجاوز ألف دينار أو بإحدى هاتين العقوبتين. وإذا وقع الفعل على أشياء ثمينة كانت العقوبة الحبس مدة لاتقل عن سنة والغرامة التي لاتقل عن مائتي دينار ولاتجاوز ألفي دينار.
2,8,2,365,الغش ضد الصناعات الوطنية,يعاقب بالسجن مدة لا تزيد على خمس سنوات وبغرامة لا تقل عن مائة دينار ولا تجاوز ألف دينار كل من عرض للبيع أو عمل بأي طريقة أخرى على ترويج منتجات صناعية في الأسواق الوطنية أو الأجنبية باسمأء أو علامات أو أمارات مميزة مقلدة أو محرفة فتسبب بذلك في إلحاق ضرر بالصناعة الوطنية.
2,8,2,366,بيع منتجات صناعية بسمات كاذبة,يعاقب بالحبس مدة لا تقل عن ثلاثة أشهر وبغرامة لا تجاوز خمسمائة دينار أو بإحدى هاتين العقوبتين كل من عرض للبيع أو عمل بأي طريق آخر على تداول إنتاج فكري أو منتجات صناعية، وطنية كانت أو أجنبية بأسماء أو علامات أو أمارات مميزة من شأنها تضليل المشتري فيما يتعلق بأصلها أو مصدرها أو نوعها.
2,8,2,367,نشر الحكم,يجب نشر الحكم عند الإدانة في إحدى الجرائم المنصوص عليها في المواد 358 و364 و 365 و 366.
